ID,Call Failure,Complains,Charge Amount,Freq. of use,Distinct Called Numbers,Status,Age,Customer Value,Churn,Plan_pre-paid
3083,0,0,200,2,5,0,45,40.375,0,1
1455,8,0,20,70,39,1,25,314.235,1,1
1499,7,0,50,52,16,1,30,1210.48,1,1
2562,2,0,50,91,14,1,25,305.28,1,1
550,0,0,400,37,10,1,30,1019.28,1,1
1741,18,0,100,37,10,0,30,141.68,1,1
784,14,0,100,221,78,1,25,687.645,1,1
2848,5,0,100,157,33,1,45,352.625,1,1
2314,6,0,100,35,13,1,30,2108.4,1,1
743,11,0,200,37,11,1,25,165.015,1,1
2578,5,1,100,37,18,0,25,180.09,0,1
2611,1,0,100,75,19,1,30,168.2,1,1
1764,15,0,100,44,10,1,45,1348.85,1,1
3079,6,1,100,39,32,0,30,231.68,0,1
2085,3,0,100,113,31,1,25,1512.81,1,0
1781,14,0,100,114,24,1,55,162.21,1,1
3054,7,0,100,55,25,1,25,1732.185,1,1
1128,13,1,100,48,29,0,30,225.64,0,1
248,14,0,100,177,41,1,55,258.135,1,1
872,3,0,50,69,35,1,25,746.19,1,1
1026,5,0,100,25,14,1,30,152.4,1,1
2955,5,0,50,66,37,1,15,367.07,1,1
2860,6,0,400,173,57,1,30,625.64,1,1
627,2,0,100,29,13,0,25,122.13,0,1
348,6,0,100,160,40,1,45,329.55,1,1
279,15,1,50,55,31,0,30,289.32,0,1
1989,4,0,100,36,11,1,25,929.295,1,0
2404,14,0,100,76,50,1,15,389.07,1,1
656,8,0,200,82,27,1,30,274.08,1,1
1357,13,0,50,55,35,1,45,865.5,1,1
1033,5,0,200,6,2,1,55,15.165,1,1
908,18,0,100,127,45,1,30,985.88,1,1
2761,4,0,100,85,28,1,30,203.0,1,1
2721,0,0,50,111,35,1,25,1946.43,1,1
1136,6,0,200,86,26,1,30,189.16,1,1
912,14,1,100,60,19,0,30,164.12,1,1
1908,18,0,100,127,45,1,30,985.88,1,1
633,0,0,200,0,0,1,45,0.0,1,1
1103,14,0,200,64,22,1,30,1533.68,1,1
446,2,0,100,26,14,1,25,203.445,1,1
618,0,0,100,2,5,0,25,18.315,1,1
1363,34,1,200,241,49,1,30,979.44,1,0
1196,26,0,200,157,50,1,25,801.675,1,0
1191,21,0,50,41,15,0,30,180.24,1,1
3098,9,0,100,166,41,1,45,412.075,1,1
1748,15,0,100,57,22,1,45,195.35,1,1
845,0,0,50,20,12,1,25,157.95,1,1
2685,25,0,100,242,84,1,25,768.24,1,1
548,10,0,100,168,40,1,45,398.9,1,1
1979,0,0,100,2,2,0,30,5.4,0,1
2179,0,1,100,0,0,0,30,0.0,0,1
1058,19,0,100,129,49,1,30,1029.16,1,1
264,31,1,100,236,32,1,30,891.44,1,1
2996,0,0,100,26,16,1,25,307.395,1,1
2477,5,0,100,31,1,0,30,96.84,0,1
2024,24,1,100,96,44,1,55,167.865,1,0
354,10,0,100,60,24,1,30,1536.52,1,1
803,5,0,200,54,22,1,25,1683.09,1,1
209,15,0,100,127,44,1,30,977.68,1,1
614,0,0,100,15,5,1,30,1984.2,1,1
1048,10,0,100,48,19,1,30,257.84,1,1
2158,12,0,100,119,39,1,30,902.16,1,1
1676,4,0,200,22,15,1,30,126.68,1,1
1272,15,0,50,89,44,1,25,895.14,1,1
1271,14,0,50,168,54,1,45,375.45,1,1
1954,10,0,100,66,35,1,15,240.02,1,1
2693,0,0,200,14,7,0,45,92.35,1,1
58,6,0,100,40,21,1,30,1279.6,1,1
2348,10,0,100,53,24,1,30,291.44,1,1
812,4,0,100,48,15,0,30,83.24,1,1
1552,7,0,50,12,9,0,30,125.0,1,1
2737,0,0,100,66,20,1,25,144.855,1,1
562,0,0,100,86,8,1,25,253.755,1,1
2310,9,0,400,91,30,1,30,243.44,1,1
230,2,0,400,8,3,0,30,37.64,0,1
2640,0,0,400,28,5,1,25,835.11,1,0
2033,3,0,200,7,4,1,55,19.575,1,1
2933,0,1,200,0,0,0,45,0.0,0,1
539,4,0,50,50,23,1,25,894.825,1,1
1736,9,0,100,94,31,1,30,232.68,1,1
2576,9,0,100,94,26,1,25,386.415,0,1
2229,5,0,100,12,8,0,30,76.2,0,1
2870,0,1,400,4,13,0,25,76.455,0,1
561,0,0,20,74,21,1,30,168.96,1,1
708,14,0,50,126,41,1,30,965.84,1,1
1235,6,0,100,112,29,1,25,1503.99,1,0
425,21,0,100,93,42,1,55,159.42,1,1
648,1,0,100,33,16,1,30,167.2,1,1
1883,5,0,200,10,4,1,55,26.295,1,1
1324,24,0,100,91,39,1,55,170.265,1,1
2596,0,0,100,22,16,1,25,206.64,1,1
1160,17,0,400,99,33,1,45,189.475,1,1
1006,13,0,200,85,28,1,30,300.2,1,1
621,0,0,50,142,44,1,30,452.08,1,1
1361,15,0,50,111,29,1,30,417.36,1,1
554,2,0,100,51,20,1,25,1657.755,1,1
2802,1,0,100,57,10,1,25,177.39,1,1
1558,20,0,100,128,48,1,30,1029.52,1,1
999,10,0,100,49,14,1,30,1100.16,1,1
1365,18,0,100,198,47,1,25,1547.46,1,1
1755,14,0,50,75,35,1,25,233.235,1,1
2886,5,0,100,120,46,1,25,1614.6,1,0
3135,18,0,50,231,75,1,25,711.495,1,1
1645,5,0,100,31,13,1,30,177.64,1,1
441,4,0,100,39,68,1,45,115.175,1,1
509,11,0,50,118,43,1,30,927.52,1,1
590,0,0,400,27,7,1,25,858.465,1,0
1237,5,0,50,40,16,0,30,190.0,1,1
650,0,0,400,7,4,1,25,53.505,0,1
2041,14,0,50,28,9,1,30,91.52,1,1
2683,0,1,200,11,8,0,45,57.35,0,1
1317,5,0,50,12,8,0,25,77.04,1,1
1335,9,0,100,114,30,1,30,1356.16,1,0
1843,9,0,200,27,15,1,25,42.615,1,1
631,0,0,50,85,19,1,45,164.125,1,1
1403,11,0,200,56,11,1,30,1468.56,1,1
483,0,0,200,1,2,0,45,13.1,0,1
1245,5,0,100,22,10,1,25,169.29,1,1
3044,5,0,100,20,7,1,15,45.375,1,1
2571,0,0,50,123,45,1,25,2074.77,1,1
3103,0,0,200,0,0,0,25,0.0,1,1
2231,8,0,20,107,28,1,55,150.78,1,1
2096,13,0,200,138,40,1,15,795.905,1,0
857,0,0,100,33,16,1,30,1195.52,1,1
531,0,0,100,22,6,1,30,57.8,1,1
1996,16,0,100,141,42,1,25,676.53,1,0
50,2,0,400,34,6,1,30,904.36,1,1
859,2,0,50,163,42,1,30,545.24,1,1
1073,29,1,200,55,23,0,30,187.8,0,1
720,4,0,400,132,41,1,25,2094.525,1,1
1826,0,0,100,17,16,1,30,98.08,1,1
1430,5,0,400,21,2,1,45,52.35,1,1
2370,1,0,400,119,38,1,25,2013.615,1,1
1449,5,0,100,36,25,1,30,969.24,1,1
1633,3,0,200,9,1,1,55,9.93,1,1
2244,7,0,100,71,29,1,30,234.24,1,1
2888,2,1,100,48,33,0,30,288.32,0,1
2744,0,0,100,16,5,1,25,30.42,1,1
1544,7,0,100,61,21,1,30,167.04,1,1
2167,0,0,50,12,7,0,25,36.315,1,1
1792,11,0,50,27,5,0,45,136.675,1,1
1393,19,0,200,48,30,1,25,309.51,1,1
2257,0,0,50,29,12,1,30,1165.16,1,1
2766,6,0,200,184,33,1,25,1392.48,1,1
1651,11,0,50,71,18,1,25,231.57,1,1
298,18,0,100,182,40,1,55,268.86,1,1
1327,12,1,50,39,13,0,30,154.16,0,1
1458,18,0,100,133,49,1,30,1118.72,1,1
959,15,0,100,178,48,1,30,620.64,1,1
1321,10,0,20,152,44,1,45,311.05,1,1
1609,10,0,50,174,43,1,30,562.48,1,1
1214,5,0,100,23,4,1,30,2026.52,1,1
350,0,0,400,29,10,1,30,908.36,1,1
2565,0,0,100,23,10,1,30,2059.72,1,1
644,0,0,100,49,20,1,30,118.76,1,1
1897,17,0,100,177,42,1,55,261.21,1,1
1284,32,1,100,252,87,1,25,837.54,1,0
670,0,0,400,127,42,1,30,1833.2,1,1
2537,3,0,100,50,24,0,45,220.75,1,1
1643,13,0,200,37,12,1,25,138.465,1,1
1955,3,0,50,58,33,1,15,145.805,1,1
2591,0,0,50,35,70,1,45,116.95,1,1
2499,0,0,100,30,23,1,30,928.8,1,1
1553,17,0,200,67,29,1,30,1620.6,1,1
1715,16,0,50,194,33,1,30,1299.36,1,1
787,0,0,100,27,18,0,30,51.08,1,1
2833,0,0,200,0,0,0,45,0.0,0,1
141,2,0,100,38,65,1,45,87.9,1,1
789,0,0,50,19,9,1,25,738.855,1,0
1726,8,0,100,34,17,1,45,116.975,1,1
2688,3,0,100,48,24,0,30,250.72,1,1
715,10,0,50,187,28,1,25,1402.965,1,1
1466,8,0,200,98,32,1,45,737.95,1,1
1718,9,0,100,26,11,0,30,153.64,1,1
1601,11,0,20,76,16,1,30,194.44,1,1
1627,12,0,100,46,15,0,30,154.04,0,1
619,0,0,100,0,0,0,25,0.0,0,1
407,11,0,50,82,28,1,30,282.28,1,1
1519,5,0,100,6,2,0,25,45.495,0,1
2017,3,0,100,17,13,1,25,65.34,1,1
2937,0,0,50,66,11,1,25,129.555,1,1
1269,7,0,100,14,7,0,25,103.455,0,1
1780,12,0,400,42,8,1,45,105.625,1,1
498,7,0,100,165,38,1,45,384.825,1,1
343,0,0,200,0,0,0,45,0.0,1,1
2879,8,1,100,48,44,0,30,296.44,0,1
2390,2,0,400,31,63,1,45,82.975,1,1
783,0,0,200,0,0,1,45,0.0,1,1
2291,6,0,50,15,1,0,25,20.475,1,1
304,4,0,100,49,24,1,25,1583.64,1,1
1952,0,0,100,5,4,0,25,46.035,1,1
665,6,0,100,182,29,1,25,1370.79,1,1
1814,3,0,100,22,10,1,30,1968.48,1,1
1624,24,0,100,98,41,1,55,159.72,1,1
2836,0,0,200,102,26,1,25,1434.69,1,0
1629,3,0,100,7,1,0,30,10.2,0,1
85,27,0,50,239,83,1,25,783.18,1,1
2333,2,0,200,12,7,1,55,30.45,1,1
942,5,0,50,16,5,0,45,98.65,1,1
962,17,0,50,63,21,1,45,116.65,1,1
842,0,0,100,4,1,0,45,48.1,1,1
3015,0,0,50,15,2,1,30,1883.6,1,1
2502,0,0,50,11,8,0,30,173.76,1,1
2651,0,0,50,11,1,1,25,50.13,0,1
1415,10,0,50,178,17,1,25,1303.56,1,1
291,10,0,50,50,68,1,45,153.2,1,1
2195,1,0,100,24,10,1,25,154.755,1,1
1242,5,0,100,6,2,0,45,40.275,1,1
605,0,0,100,46,30,1,15,117.37,1,1
2150,4,0,400,21,11,1,30,103.56,0,1
917,5,0,100,20,13,0,25,85.5,1,1
2622,1,0,50,146,41,1,30,449.04,1,1
1823,22,0,200,42,19,0,30,23.68,0,1
1100,9,1,400,27,13,1,30,144.0,0,1
1089,10,0,100,44,17,1,30,909.76,1,0
2214,9,0,100,37,14,1,30,2127.68,1,1
1442,5,0,100,6,2,0,45,25.275,1,1
822,3,0,50,69,35,1,25,746.19,1,1
2597,12,0,100,137,44,1,15,830.775,1,0
1001,10,0,20,74,17,1,30,215.56,1,1
1495,7,0,50,38,20,1,30,354.12,1,1
19,2,0,100,8,4,0,25,27.135,1,1
2975,16,0,50,93,44,1,55,194.07,1,0
1126,5,0,200,26,12,1,30,151.64,1,1
1352,9,0,100,21,21,0,30,189.76,1,1
2251,3,0,50,61,11,1,25,187.695,1,1
1396,25,0,200,157,59,1,25,843.975,1,0
1719,7,0,100,12,3,0,30,72.68,0,1
1594,9,0,100,68,28,1,30,247.52,1,1
1810,6,0,400,78,27,1,30,167.52,1,1
1658,16,0,100,121,44,1,30,953.64,1,1
2128,10,1,100,46,35,0,30,271.76,0,1
1518,7,0,100,14,6,0,25,72.63,1,1
1010,9,0,400,86,25,1,30,221.84,1,1
361,7,0,50,83,25,1,30,191.92,1,1
2690,4,0,400,40,15,1,25,963.45,1,0
2013,28,0,200,228,34,1,30,853.12,1,1
3019,0,0,100,2,2,0,25,13.14,1,1
1232,5,0,50,6,2,0,45,25.275,0,1
2506,11,0,100,88,32,1,30,415.12,1,1
1841,10,0,50,20,9,0,30,12.6,1,1
345,0,0,100,50,23,1,30,102.6,1,1
987,11,0,20,53,24,1,45,177.075,1,1
2026,4,0,200,25,16,1,30,137.0,1,1
1912,14,0,100,60,19,0,30,164.12,1,1
1476,6,0,200,34,20,1,45,179.85,1,1
1299,9,0,50,54,17,1,30,1129.16,1,1
114,23,0,100,224,29,1,30,786.96,1,1
1211,6,0,20,91,8,1,30,270.16,1,1
2023,26,1,200,50,19,1,30,126.6,0,1
1895,7,0,20,32,16,1,30,221.28,1,1
86,8,0,200,117,36,1,25,1587.24,1,0
2175,12,1,50,96,20,1,25,334.53,0,1
669,0,0,50,0,0,0,25,4.5,0,1
1015,11,0,100,185,30,1,25,1400.175,1,1
129,7,0,100,43,28,0,30,184.84,0,1
2498,4,0,100,35,4,1,30,131.52,1,1
2961,2,0,20,83,27,1,30,284.32,1,1
892,0,0,50,4,1,0,45,48.1,1,1
3045,0,0,20,49,17,1,30,114.16,1,1
308,0,0,100,28,18,1,30,1107.12,1,1
384,0,0,100,4,2,1,55,11.13,1,1
2044,5,0,100,64,25,1,30,185.96,1,1
1296,23,0,200,155,49,1,25,779.985,1,0
2067,0,0,100,11,9,0,25,37.17,1,1
427,1,0,50,22,14,1,30,114.48,1,1
495,0,0,100,55,21,1,30,123.0,1,1
1208,13,0,100,117,39,1,30,915.08,1,1
3024,18,0,100,35,11,0,25,25.65,0,1
1209,7,0,100,165,40,1,30,587.32,1,1
3119,0,0,100,7,3,0,25,9.99,1,1
2317,2,0,100,22,16,0,25,97.965,1,1
1400,12,1,400,35,24,1,30,209.12,0,1
1767,11,0,100,31,13,0,25,153.945,1,1
276,19,0,200,109,24,1,25,451.665,1,1
490,0,1,400,30,9,1,25,883.8,0,0
2667,3,0,50,90,30,1,30,1037.8,1,1
691,8,0,100,25,6,0,30,60.8,1,1
1798,19,0,100,62,21,1,30,341.16,1,1
1770,14,0,400,144,45,1,30,1942.68,1,1
2258,8,0,100,111,37,1,30,874.64,1,1
1331,6,0,50,95,19,1,55,120.075,1,1
3128,2,1,100,34,11,0,25,113.805,0,1
2868,0,0,100,18,24,0,25,116.46,1,1
1059,13,0,100,177,50,1,30,641.4,1,1
119,0,0,100,13,5,0,30,37.32,1,1
1025,15,0,50,101,24,1,25,403.38,1,1
2784,0,0,100,6,5,1,55,15.285,1,1
282,9,0,100,108,22,1,55,147.045,1,1
1672,11,0,50,75,38,1,25,800.91,1,1
2459,3,0,100,159,29,1,30,533.28,1,1
969,8,0,100,9,4,1,30,62.96,0,1
2064,1,0,100,24,6,1,30,2034.36,1,1
1919,5,0,100,6,2,0,25,45.495,0,1
1790,15,0,400,56,70,1,55,107.085,1,1
156,1,0,200,52,32,1,15,134.475,1,1
305,4,0,50,55,35,1,15,194.865,1,1
2054,7,0,100,63,33,1,15,231.055,1,1
2684,0,0,100,8,6,1,55,22.515,1,1
1690,7,0,400,39,69,1,45,120.3,1,1
2781,0,0,100,27,9,1,30,78.8,1,1
2360,5,0,400,75,20,1,30,176.4,1,1
1526,6,0,100,22,12,1,30,150.08,1,1
576,5,1,100,89,20,1,25,312.39,0,1
2065,6,0,100,179,28,1,25,1354.68,1,1
2705,0,0,100,50,27,1,15,202.565,1,1
2759,10,0,50,123,46,1,30,956.52,1,1
1584,32,0,100,245,85,1,25,828.675,1,0
1322,11,0,50,73,34,1,25,779.22,1,1
844,0,0,100,55,21,1,30,123.0,1,1
1407,5,0,50,35,5,1,30,1168.0,1,1
270,6,0,400,11,2,0,25,68.445,0,1
630,0,0,400,13,3,1,30,55.04,1,1
1034,27,0,100,241,80,1,25,776.745,1,1
287,8,0,50,93,28,1,30,220.84,1,1
2331,5,0,50,105,27,1,55,143.55,1,1
301,9,0,50,30,7,1,30,121.08,0,1
1510,12,0,400,83,23,1,30,219.52,1,1
2020,6,0,400,130,45,1,30,1863.92,1,1
1868,7,0,100,20,10,0,30,121.4,1,1
1468,7,0,100,26,14,0,30,254.24,1,1
66,11,0,200,183,33,1,25,1429.11,1,1
2340,6,0,400,47,73,1,45,147.375,1,1
891,6,0,20,19,5,0,25,32.13,1,1
1879,5,0,100,8,4,0,30,45.84,0,1
1972,8,0,100,75,37,1,25,791.685,1,1
2657,11,0,100,86,32,1,30,312.64,1,1
2976,8,1,200,98,26,1,25,487.17,0,1
231,3,0,20,31,7,1,45,62.475,1,1
504,8,0,100,57,24,1,25,1708.425,1,1
1353,19,0,200,76,41,1,30,1685.36,1,1
1511,11,0,20,95,10,1,25,310.635,1,1
1613,28,0,200,230,31,1,30,827.4,1,1
1375,22,0,50,114,41,1,30,489.48,1,1
1005,5,0,50,61,33,1,25,152.955,1,1
837,0,0,20,38,18,0,30,179.92,1,1
1724,28,0,100,105,45,1,55,186.675,1,0
375,21,1,50,93,42,1,55,159.42,1,1
1399,11,0,100,56,27,1,30,1186.04,1,0
2226,6,0,100,32,20,1,30,185.28,1,1
1993,10,0,200,32,13,1,25,142.065,1,1
2012,12,0,100,57,19,1,30,146.2,1,1
3031,0,0,50,13,3,1,30,50.44,1,1
752,0,0,100,0,0,0,25,0.0,1,1
100,4,0,400,41,13,1,30,1080.84,1,1
1923,28,1,200,53,19,0,30,144.52,0,1
867,0,0,100,8,9,0,25,26.01,1,1
911,11,0,100,101,14,1,30,308.96,1,1
1477,14,0,100,53,22,0,30,330.52,0,1
530,0,0,400,0,0,1,30,0.0,0,1
1261,13,0,50,109,19,1,30,360.48,1,1
1832,0,0,50,2,6,0,45,5.625,0,1
637,0,0,20,32,17,0,30,147.68,1,1
1270,10,0,400,141,50,1,30,1933.36,1,1
186,4,0,200,110,32,1,25,1501.875,1,0
1382,9,0,100,23,21,0,45,131.4,0,1
1568,9,0,100,21,13,0,30,165.04,1,1
932,5,0,50,13,6,0,45,63.65,0,1
2877,0,0,50,26,27,1,30,182.44,1,1
2419,4,0,100,10,15,0,25,121.95,0,1
1559,14,0,100,176,49,1,30,641.76,1,1
2810,0,0,400,155,37,1,30,537.72,1,1
1274,28,0,100,107,49,1,55,193.905,1,0
2180,0,0,400,23,2,1,30,64.44,1,1
608,6,0,100,109,40,1,30,872.76,1,1
1503,15,0,200,60,22,1,25,1624.635,1,1
152,6,0,50,65,16,1,25,199.575,1,1
1437,5,0,100,40,7,0,30,152.4,1,1
2260,2,0,400,73,19,1,30,173.12,1,1
732,1,0,50,12,2,0,45,51.125,0,1
2857,10,0,100,86,41,1,30,350.24,1,1
3109,6,0,100,114,38,1,30,861.36,1,1
2869,1,0,100,18,21,0,25,167.535,1,1
24,23,0,100,41,13,0,25,39.645,0,1
2627,0,0,50,14,8,1,30,98.76,1,1
159,11,0,50,115,42,1,30,913.2,1,1
862,4,0,100,48,15,0,30,83.24,1,1
903,15,0,200,66,26,1,30,1576.96,1,1
2981,0,0,100,25,8,1,45,100.075,1,1
1231,5,0,50,93,18,1,55,114.345,1,1
2377,7,0,50,33,11,0,30,113.72,0,1
445,2,0,50,61,23,1,30,163.44,1,1
3084,0,0,100,0,0,1,55,9.0,1,1
755,0,0,20,41,31,1,15,78.045,1,1
924,26,0,100,99,44,1,55,174.585,1,1
3120,0,0,400,0,0,0,25,0.0,0,1
2988,0,0,100,44,22,0,30,312.76,1,1
312,0,0,50,84,12,1,25,238.14,1,1
549,6,0,100,42,19,1,30,222.0,1,1
2105,4,0,50,60,37,1,25,167.985,1,1
1625,16,0,50,103,23,1,25,379.62,1,1
307,5,0,100,71,28,1,30,153.44,1,1
288,9,0,100,55,20,0,30,281.2,1,1
695,0,0,50,26,13,1,25,194.22,1,1
309,7,0,100,110,43,1,30,816.6,1,1
2444,6,0,100,71,38,1,30,271.84,1,1
750,4,0,400,24,5,1,30,80.64,0,1
1602,3,0,100,10,3,0,30,37.72,1,1
3097,13,0,100,136,43,1,15,831.215,1,0
1691,14,0,20,25,8,0,25,86.85,1,1
1577,16,1,50,48,21,0,30,241.32,0,1
909,12,0,50,175,46,1,30,598.12,1,1
87,4,0,100,83,31,1,25,229.095,1,1
2504,10,0,100,72,39,1,15,422.675,1,1
2958,0,0,100,39,20,1,30,1328.36,1,1
2624,17,0,100,39,11,0,25,27.405,0,1
971,15,0,50,163,51,1,45,357.325,1,1
14,25,0,100,219,28,1,30,697.76,1,1
874,16,0,100,87,40,1,45,255.425,1,1
809,2,0,100,163,42,1,30,545.24,1,1
2711,0,0,50,67,17,1,30,160.68,1,1
515,2,0,100,24,8,1,30,2038.96,1,1
2779,6,1,100,46,34,0,30,239.56,0,1
410,7,0,400,169,44,1,30,557.68,1,1
2010,10,0,400,86,27,1,30,214.44,1,1
1338,9,0,100,51,20,1,25,902.52,1,1
2383,0,0,200,0,0,1,55,0.0,1,1
1462,14,1,100,66,23,0,45,185.6,1,1
1371,16,0,20,170,64,1,45,411.0,1,1
2807,4,0,100,68,21,1,25,214.11,1,1
1585,13,0,50,123,38,1,30,1451.32,1,0
383,0,0,200,7,4,0,45,38.375,0,1
2016,6,0,100,89,28,1,30,1029.96,1,1
2663,9,1,200,58,21,0,30,154.04,1,1
2496,12,0,200,131,27,1,15,677.82,1,0
2462,5,0,50,44,2,0,30,67.28,1,1
1848,7,0,100,40,21,1,30,151.48,1,1
2059,4,0,50,166,42,1,30,555.16,1,1
2629,3,0,100,36,25,0,30,144.76,0,1
553,0,0,200,0,0,0,25,0.0,1,1
223,10,0,200,81,38,1,25,827.955,1,1
1097,18,0,50,179,46,1,55,277.455,1,1
3021,0,0,50,115,37,1,25,1876.635,1,1
9,13,0,100,115,39,1,30,812.6,1,1
2863,8,0,200,58,30,0,30,191.64,1,1
317,0,0,100,75,26,1,30,878.6,1,1
1329,5,1,100,6,2,0,30,40.44,0,1
428,9,0,100,41,16,0,30,157.24,0,1
1492,5,0,50,22,9,0,45,181.675,1,1
106,1,0,100,57,30,1,15,124.3,1,1
2241,16,0,20,35,13,0,30,139.8,1,1
143,0,0,200,9,1,0,45,46.1,1,1
122,5,0,50,153,44,1,45,290.7,1,1
2495,0,0,100,16,6,1,25,81.495,1,1
3009,8,0,100,109,37,1,30,772.16,1,1
1190,14,0,400,55,76,1,55,110.82,1,1
2081,0,0,20,94,20,1,45,192.975,1,1
2783,0,1,200,9,7,0,45,45.3,0,1
3008,0,0,100,27,12,1,30,1062.68,1,1
116,7,0,200,181,27,1,25,1330.92,1,1
1570,10,0,400,134,48,1,30,1925.48,1,1
2269,0,0,50,0,0,0,25,0.0,0,1
2261,1,0,20,85,6,1,25,258.435,1,1
3003,0,0,200,0,0,0,25,0.0,1,1
3096,0,0,200,21,15,1,25,207.045,1,1
1784,36,0,100,255,82,1,25,848.025,1,0
2004,13,0,100,69,37,1,15,270.985,1,1
673,20,0,200,47,16,0,30,95.88,0,1
1727,16,1,100,53,19,0,30,229.92,0,1
1819,0,0,100,0,0,0,25,0.0,0,1
2186,1,0,200,80,24,1,25,167.31,1,1
592,3,0,50,16,3,0,25,15.795,1,1
2187,2,0,100,42,16,0,30,177.08,1,1
889,0,0,50,30,9,1,25,883.8,1,0
1958,13,0,100,121,43,1,30,945.44,1,1
2292,0,0,100,0,0,0,45,15.0,1,1
2058,10,0,100,118,41,1,30,922.92,1,1
214,27,0,100,231,33,1,30,862.84,1,1
779,0,1,100,0,0,0,25,0.0,0,1
1863,30,0,200,231,34,1,30,871.04,1,1
801,3,0,100,65,15,1,25,185.85,1,1
2610,1,0,400,161,38,1,30,541.96,1,1
1615,12,0,100,187,29,1,25,1376.415,1,1
1703,17,0,200,72,27,1,30,1609.2,1,1
2407,8,0,50,49,33,1,30,1344.36,1,1
2915,0,0,50,11,5,1,30,1908.04,1,1
2986,1,0,200,116,35,1,25,1642.095,1,0
2851,0,0,20,5,4,1,25,45.36,0,1
1344,5,0,100,59,20,1,30,164.36,1,1
274,29,1,100,58,17,0,30,164.92,0,1
72,9,0,100,155,50,1,45,345.25,1,1
2534,25,0,100,244,84,1,25,883.53,1,0
1088,12,0,100,61,29,1,25,1009.17,1,1
395,2,0,100,61,23,1,30,163.44,1,1
584,0,0,100,0,0,1,45,0.0,1,1
1704,17,0,100,78,38,1,15,339.955,1,1
2124,22,1,100,95,46,1,55,175.65,1,1
2130,2,0,400,27,10,1,45,69.375,1,1
501,0,1,20,13,5,0,25,53.82,0,1
2894,9,0,100,36,26,1,25,218.52,1,1
2343,12,0,200,40,18,1,25,200.025,1,1
3129,2,0,100,37,26,0,30,144.4,0,1
2881,0,0,50,29,19,1,30,135.68,1,1
1652,3,0,100,5,5,0,25,55.26,1,1
1260,14,0,400,97,32,1,30,283.88,1,1
2909,4,0,50,105,26,1,30,796.6,1,1
2242,5,0,100,20,9,0,45,117.625,1,1
206,5,0,200,64,34,1,25,155.565,1,1
734,26,0,100,243,78,1,25,757.035,1,1
2514,4,0,100,33,12,1,45,1368.575,1,1
527,0,0,50,19,14,1,30,104.56,1,1
1917,5,0,50,20,13,0,25,85.5,1,1
899,0,0,100,34,8,1,30,996.76,1,1
378,9,1,100,41,16,0,30,157.24,0,1
1926,6,0,100,28,16,1,30,154.92,1,1
2820,0,0,400,0,0,0,25,0.0,0,1
1612,12,1,50,59,16,0,30,120.48,1,1
387,2,0,100,82,28,1,25,180.0,1,1
199,6,0,100,39,18,1,30,207.64,1,1
1051,14,0,20,79,23,1,30,281.36,1,1
591,0,0,100,30,64,1,45,75.825,1,1
520,0,0,400,0,0,1,25,0.0,0,1
2132,1,1,50,9,8,0,45,65.425,0,1
2747,6,0,50,125,34,1,15,673.915,1,0
430,0,0,400,2,2,0,30,5.4,0,1
1084,31,0,100,246,86,1,25,828.27,1,1
208,6,0,100,45,19,1,45,792.625,1,1
492,6,0,100,19,5,0,25,32.13,1,1
2104,11,0,100,68,39,1,15,299.53,1,1
3057,8,0,50,77,29,1,25,321.165,1,1
793,0,0,200,15,11,1,25,10.125,1,1
2623,2,0,200,67,31,1,25,697.5,1,1
1187,13,0,100,60,28,0,45,207.25,1,1
1186,12,0,100,98,36,1,30,271.24,1,1
1965,9,0,50,182,30,1,25,1380.015,1,1
1816,2,0,100,81,28,1,30,919.04,1,1
2352,0,0,100,0,0,0,25,0.0,1,1
1411,7,0,20,91,17,1,30,256.56,1,1
84,2,0,100,5,5,1,55,27.495,1,1
2554,6,0,100,56,26,1,25,1731.78,1,1
2346,18,0,100,149,47,1,25,734.49,1,0
21,3,0,20,121,39,1,25,1922.13,1,1
1539,9,0,100,36,9,1,25,825.345,1,0
1707,11,0,100,51,21,1,45,817.9,1,1
1745,9,0,50,38,17,1,30,253.52,1,1
1406,12,0,200,78,15,1,30,214.32,1,1
2867,2,0,100,90,39,1,30,1075.4,1,1
3140,0,0,400,29,6,1,25,834.705,1,0
2832,0,0,50,83,15,1,45,159.575,1,1
2883,0,0,200,11,17,0,45,80.85,0,1
974,29,1,100,102,46,1,55,183.03,1,0
2932,0,0,50,81,5,1,45,149.025,1,1
884,20,0,100,232,78,1,25,720.09,1,1
1099,8,0,100,48,16,1,30,1120.92,1,1
157,9,0,20,76,27,1,25,281.295,1,1
2400,1,0,400,11,2,1,30,52.76,0,1
887,0,0,50,38,18,0,30,179.92,1,1
3149,1,0,100,38,14,1,30,155.8,1,1
1779,11,0,100,19,4,0,30,106.68,0,1
2608,0,0,100,31,12,1,30,1152.24,1,1
1673,26,1,200,47,18,0,25,126.315,0,1
2666,9,0,100,186,34,1,25,1414.17,1,1
2487,0,0,50,34,5,0,30,111.96,1,1
2977,0,0,50,22,16,1,30,206.88,1,1
1454,15,0,100,78,41,1,15,478.28,1,1
2786,3,0,100,118,36,1,25,1550.61,1,0
459,8,0,50,115,41,1,30,905.0,1,1
3048,7,0,100,159,34,1,45,301.8,1,1
79,11,1,100,45,34,0,30,272.12,0,1
3059,10,0,50,116,44,1,30,948.64,1,1
1057,10,0,100,47,24,1,45,824.8,1,1
907,9,0,100,45,20,1,30,1276.4,1,1
1750,10,0,400,31,10,1,30,132.92,0,1
2334,27,1,100,246,85,1,25,792.045,1,1
2835,18,0,100,224,73,1,25,711.63,1,1
381,1,0,50,25,6,1,30,67.72,1,1
948,13,0,100,51,21,1,30,280.36,1,0
1911,11,0,50,101,14,1,30,308.96,1,1
2118,3,0,100,16,12,0,30,124.24,1,1
716,4,0,100,91,24,1,30,1027.84,1,1
2108,14,0,100,123,47,1,30,988.72,1,1
687,0,0,100,44,19,0,30,212.16,1,1
2698,12,0,100,175,44,1,45,429.075,1,1
1294,9,0,100,75,30,1,30,255.4,1,1
306,0,0,200,47,33,1,15,95.15,1,1
210,9,0,400,175,45,1,30,589.92,1,1
1660,10,0,400,83,26,1,30,200.12,1,1
2341,13,0,50,33,12,0,25,135.585,1,1
3125,14,0,100,86,37,1,45,250.65,1,1
1721,14,0,100,166,50,1,45,363.4,1,1
886,0,0,200,76,26,1,25,157.005,1,1
2615,0,0,50,19,2,1,30,1973.16,1,1
918,7,0,100,20,10,0,30,121.4,1,1
1861,11,0,50,101,14,1,30,308.96,1,1
3139,0,0,100,46,18,1,25,820.395,1,1
192,9,0,50,19,6,0,25,41.355,1,1
1949,7,0,100,46,12,1,30,1077.64,1,1
2148,9,0,100,47,23,1,30,283.2,1,1
1266,10,0,100,100,33,1,30,1099.4,1,1
484,0,0,100,0,0,1,55,0.0,1,1
916,8,0,100,92,28,1,30,1047.88,1,1
2733,0,0,200,0,0,0,30,0.0,0,1
278,15,1,100,52,16,0,30,218.08,0,1
989,12,0,50,45,15,1,30,889.0,1,0
1957,4,0,100,39,18,1,30,1235.96,1,1
1246,16,0,200,137,38,1,25,642.375,1,0
1815,8,0,100,177,32,1,25,1280.565,1,1
572,0,0,50,145,43,1,30,449.8,1,1
1436,5,0,100,78,15,1,30,168.04,1,1
994,10,0,100,70,27,1,30,226.4,1,1
1567,7,0,50,21,16,0,25,134.595,1,1
1563,32,1,200,232,37,1,30,914.68,1,1
586,0,0,200,107,29,1,25,1467.315,1,0
3087,0,0,100,77,29,1,25,183.6,1,1
2788,0,0,100,46,23,0,30,231.44,1,1
3143,0,0,200,0,0,0,45,12.5,1,1
1350,6,1,400,17,4,1,30,93.2,0,1
1008,15,0,100,124,43,1,30,963.36,1,1
675,10,0,50,98,23,1,25,373.995,0,1
2203,15,0,200,70,30,1,30,1607.32,1,1
856,6,0,100,76,26,1,25,272.07,1,1
448,12,0,100,171,40,1,45,410.075,1,1
3081,0,0,50,20,7,1,30,70.92,1,1
1862,14,0,100,60,19,0,30,164.12,1,1
1804,9,0,100,61,37,1,15,211.97,1,1
2382,0,0,100,0,0,0,45,0.0,0,1
2813,2,0,200,40,10,0,30,71.72,1,1
2509,7,0,100,175,48,1,30,690.52,1,1
1915,14,0,20,188,32,1,25,1425.51,1,1
2809,6,0,100,107,36,1,30,853.48,1,1
2619,0,0,50,6,2,0,25,14.895,1,1
1248,8,0,50,41,15,1,30,209.56,1,1
295,8,0,50,72,23,1,30,224.28,1,1
1548,13,0,50,45,17,1,30,151.52,1,1
589,0,0,100,44,19,1,25,844.155,1,1
1282,7,0,50,21,11,0,45,95.85,0,1
1589,11,0,100,43,16,1,30,910.12,1,0
2035,9,1,100,119,35,1,30,1389.76,1,0
2695,2,0,50,65,27,1,30,193.8,1,1
2520,3,0,400,133,47,1,30,1974.24,1,1
2376,0,0,200,14,9,1,30,106.96,1,1
1418,5,0,100,10,2,0,30,45.0,1,1
426,13,1,200,98,24,1,25,383.22,0,1
535,23,0,50,235,80,1,25,722.925,1,1
1055,9,0,20,66,39,1,25,213.48,1,1
2567,0,0,50,82,28,1,30,1010.28,1,1
2635,19,0,20,230,74,1,25,716.4,1,1
2928,0,0,100,25,9,0,25,94.95,0,1
133,0,0,200,6,1,0,45,11.1,0,1
3118,0,0,100,7,6,0,25,17.415,1,1
2184,24,0,100,236,76,1,25,730.395,1,1
422,7,0,50,154,47,1,45,317.975,1,1
2796,0,0,100,28,17,1,25,215.91,1,1
2149,3,0,50,42,14,1,30,1080.48,1,1
1761,17,0,50,112,14,1,30,369.8,1,1
1369,9,1,100,16,17,0,25,167.445,0,1
557,3,0,100,73,24,1,25,246.735,1,1
2460,3,0,400,73,10,1,30,159.52,1,1
1661,9,0,100,95,13,1,25,311.31,1,1
2817,0,0,100,72,19,1,30,915.48,1,1
2045,5,0,50,29,16,1,25,228.78,1,1
571,0,0,20,118,39,1,25,2000.745,1,1
353,0,0,200,5,4,0,25,46.035,1,1
92,13,0,100,26,10,0,25,126.72,1,1
2969,0,0,100,14,10,0,30,173.36,1,1
2665,4,0,50,31,12,1,30,2087.24,1,1
1171,17,0,50,170,55,1,45,387.5,1,1
2896,1,0,100,30,27,1,25,279.9,1,1
1286,9,0,200,96,35,1,30,251.96,1,1
2169,0,0,100,0,0,0,25,0.0,0,1
3145,0,0,20,54,18,1,30,111.36,1,1
2216,8,0,100,96,32,1,30,1078.24,1,1
1592,7,0,100,17,8,0,45,125.925,1,1
2634,0,0,100,0,0,1,45,0.0,1,1
698,5,0,100,45,18,1,30,231.68,1,1
2637,0,0,50,74,22,1,25,153.315,1,1
349,2,0,100,34,19,1,30,111.04,1,1
1747,19,0,50,183,43,1,55,273.3,1,1
2470,0,0,400,117,28,1,25,1949.625,1,1
2858,3,0,100,43,31,1,30,1303.92,1,1
2358,11,0,100,113,38,1,30,893.92,1,1
1138,10,0,100,57,21,1,25,911.79,1,1
2005,6,0,50,61,35,1,25,144.63,1,1
1621,10,0,20,159,46,1,45,315.975,1,1
2979,4,0,100,44,33,0,30,320.88,0,1
2963,4,0,200,54,19,0,30,216.08,1,1
1340,7,0,400,37,65,1,55,64.95,1,1
2620,0,0,400,0,0,0,25,0.0,0,1
454,5,0,100,54,22,1,25,1683.09,1,1
914,9,0,100,33,10,1,30,2097.32,1,1
2339,6,1,100,44,16,1,25,987.255,0,0
1200,13,0,400,35,15,1,30,171.52,0,1
1275,20,0,100,112,31,1,25,486.675,1,1
2060,4,0,400,80,23,1,30,181.4,1,1
38,3,0,100,38,16,0,30,87.52,1,1
975,21,0,50,107,28,1,30,403.6,1,1
2912,0,0,100,79,13,1,25,229.14,1,1
984,33,0,100,247,84,1,25,804.915,1,0
2014,7,0,100,30,10,1,30,2079.4,1,1
2120,4,0,400,129,47,1,30,1884.68,1,1
1419,5,0,100,6,2,0,25,45.495,0,1
1285,13,0,50,130,40,1,30,1459.2,1,0
2162,8,0,50,52,13,0,30,88.4,1,1
40,4,0,400,30,7,1,25,779.85,1,0
1487,8,0,100,56,26,0,45,246.025,1,1
1992,0,0,50,10,3,0,45,73.375,0,1
170,0,0,400,0,0,0,25,0.0,0,1
1356,20,0,200,98,45,1,30,431.12,1,1
738,7,0,50,58,21,1,25,937.935,1,1
1737,10,0,50,56,23,0,45,183.15,1,1
2839,0,0,100,39,16,1,25,811.53,1,1
1565,16,0,50,189,35,1,25,1474.605,1,1
2088,3,0,100,50,21,1,25,889.65,1,1
635,0,0,50,104,30,1,25,1456.38,1,0
2785,22,0,100,240,83,1,25,746.55,1,1
2090,1,0,400,36,66,1,45,101.1,1,1
1641,14,0,100,30,6,0,30,65.8,1,1
1291,18,0,100,39,14,0,30,160.96,1,1
2461,2,0,100,85,15,1,25,243.135,1,1
1381,12,0,50,113,39,1,55,180.045,1,1
580,0,1,400,0,0,0,25,0.0,0,1
329,3,0,100,33,31,0,30,99.64,0,1
1833,0,0,200,0,0,1,55,0.0,1,1
893,5,0,200,26,11,1,25,96.57,1,1
1144,6,0,100,65,21,1,30,168.6,1,1
781,0,0,50,80,20,1,45,146.25,1,1
160,5,0,400,163,43,1,30,557.44,1,1
1731,10,0,20,109,25,1,55,151.485,1,1
1930,6,0,400,31,8,1,45,67.6,1,1
2448,12,0,100,55,34,1,30,348.32,1,1
62,8,0,50,96,15,1,30,312.16,1,1
850,0,0,400,13,5,1,25,53.775,0,1
2246,21,0,200,151,48,1,25,756.18,1,0
3037,0,0,50,70,22,1,25,151.56,1,1
3034,0,0,100,0,0,1,45,0.0,1,1
1597,19,0,50,178,45,1,55,277.575,1,1
1044,5,0,100,64,23,1,30,181.36,1,1
2984,0,0,100,4,4,1,55,45.78,1,1
1545,7,0,100,26,12,1,25,117.495,1,1
2100,0,0,400,16,5,1,30,57.76,0,1
3115,0,0,100,20,3,1,30,1972.8,1,1
1071,13,0,20,162,53,1,45,370.3,1,1
54,12,0,100,61,27,1,30,1580.16,1,1
2672,7,0,100,158,51,1,45,336.95,1,1
259,19,0,100,132,43,1,30,1006.28,1,1
506,1,0,100,55,33,1,15,121.165,1,1
753,0,0,200,43,22,1,25,1538.145,1,1
2402,4,0,100,15,19,0,30,149.32,1,1
218,2,0,100,20,12,0,25,76.275,1,1
825,8,0,50,92,22,1,25,337.725,0,1
1962,9,0,100,54,17,0,30,123.68,1,1
3148,5,0,100,164,35,1,45,357.525,1,1
2397,10,0,100,163,35,1,45,377.9,1,1
1390,13,0,400,55,85,1,55,124.92,1,1
2633,0,1,200,0,0,0,45,0.0,0,1
1267,7,0,50,28,18,0,25,143.46,1,1
2594,6,0,100,28,15,1,25,145.26,1,1
1910,12,0,400,89,27,1,30,232.36,1,1
1599,9,0,50,47,15,1,30,1121.28,1,1
2160,6,0,400,81,21,1,30,180.64,1,1
1608,16,0,100,126,42,1,30,942.24,1,1
1830,0,0,400,20,8,1,45,32.075,1,1
772,0,0,100,58,35,1,25,601.245,1,1
2945,0,0,100,45,6,1,30,94.6,1,1
1961,6,0,50,95,12,1,30,268.52,1,1
2823,1,0,200,61,30,1,25,688.23,1,1
1086,8,0,200,90,34,1,30,243.72,1,1
2250,8,1,400,29,13,1,30,131.08,0,1
2347,14,0,50,179,45,1,45,442.3,1,1
1326,5,0,200,20,11,1,30,147.4,1,1
2235,11,1,100,126,39,1,30,1438.04,1,0
1742,7,0,50,22,6,0,45,118.8,1,1
1913,30,0,200,231,34,1,30,871.04,1,0
2363,23,0,200,217,27,1,30,779.08,1,1
1404,11,0,100,62,22,1,15,256.575,1,1
2994,5,0,100,32,15,1,25,246.015,1,1
2366,1,0,100,78,21,1,30,955.92,1,1
1914,9,0,100,33,10,1,30,2097.32,1,1
1164,14,0,100,43,16,1,45,1355.075,1,1
964,12,0,100,36,12,1,45,1324.9,1,1
3047,11,0,20,129,36,1,15,588.61,1,0
2564,21,0,100,221,34,1,30,833.44,1,1
399,8,0,100,45,19,1,30,239.88,1,1
585,17,0,50,229,76,1,25,717.255,1,1
949,7,0,100,46,12,1,30,1077.64,1,1
705,4,0,100,63,31,1,15,173.855,1,1
432,3,0,50,97,22,1,55,124.23,1,1
1689,7,0,100,36,12,1,25,938.52,1,0
293,6,0,200,21,3,0,45,111.4,1,1
146,0,0,100,25,11,1,25,154.35,1,1
324,17,0,100,36,17,0,25,12.645,0,1
2723,0,0,200,59,29,1,25,666.54,1,1
2224,26,0,100,103,48,1,55,185.97,1,0
1166,13,0,200,102,34,1,45,699.175,1,1
1453,15,0,200,72,30,1,30,1709.8,1,1
3,0,0,200,0,0,0,25,0.0,1,1
1713,32,0,200,237,35,1,30,903.28,1,0
577,0,0,50,13,10,1,30,99.52,1,1
2424,25,0,100,103,57,1,55,200.07,1,0
340,0,0,400,25,11,1,25,784.35,1,0
2903,0,0,200,0,0,0,25,0.0,1,1
2479,0,0,100,0,0,0,30,0.0,0,1
926,6,0,200,28,16,1,30,154.92,1,1
266,15,0,100,193,30,1,25,1448.46,1,1
377,1,0,50,22,14,1,30,114.48,1,1
2469,0,0,100,0,0,0,25,0.0,0,1
1464,9,0,100,39,14,1,45,1393.85,1,1
272,13,0,50,165,47,1,45,356.0,1,1
697,9,0,100,171,39,1,55,242.97,1,1
3123,1,0,200,68,32,1,25,697.095,1,1
245,4,0,100,67,24,1,30,195.68,1,1
2956,0,0,100,58,35,1,25,223.245,1,1
477,0,0,100,16,12,1,30,102.04,1,1
2011,9,0,20,98,14,1,30,291.04,1,1
1922,13,0,100,81,39,1,25,837.18,1,1
814,0,0,100,21,6,1,30,2016.44,1,1
1872,13,0,50,81,39,1,25,837.18,1,1
2669,2,0,100,18,12,0,30,111.32,1,1
2926,4,0,200,82,7,1,25,224.775,0,1
3101,0,1,50,14,8,1,25,71.37,0,1
1165,19,0,100,198,38,1,25,1505.16,1,1
2289,0,0,100,26,5,1,25,849.645,1,0
251,5,1,50,25,8,1,30,92.48,0,1
414,25,0,100,225,32,1,30,830.6,1,1
546,0,0,100,23,14,1,25,183.285,1,1
1194,12,0,100,77,31,1,45,171.675,1,1
739,5,0,50,41,9,1,25,952.245,1,0
311,1,0,100,72,25,1,30,155.08,1,1
3132,0,0,100,90,17,1,45,159.5,1,1
894,0,0,100,55,21,1,30,123.0,1,1
1132,5,0,50,6,2,0,45,25.275,0,1
1450,5,1,400,15,2,1,30,76.32,0,1
3052,5,0,50,66,18,1,25,225.945,1,1
16,9,0,100,176,26,1,25,1230.57,1,1
2109,8,0,100,171,48,1,30,600.96,1,1
722,9,0,50,80,35,1,25,814.635,1,1
1421,8,0,50,150,34,1,45,300.5,1,1
2770,0,0,400,0,0,0,25,18.0,0,1
982,8,1,50,16,8,1,45,77.725,0,1
2219,5,0,100,10,6,0,25,79.65,0,1
1540,9,0,400,39,66,1,45,62.425,1,1
2662,6,0,50,99,16,1,30,298.88,1,1
1551,15,0,50,78,22,1,30,281.72,1,1
2548,8,0,100,51,23,1,30,372.76,1,0
364,25,0,100,225,32,1,30,830.6,1,1
983,8,0,200,13,6,1,55,34.74,1,1
183,0,0,200,1,3,0,45,18.225,0,1
986,10,0,200,91,32,1,30,222.96,1,1
3067,0,0,50,81,27,1,30,1010.64,1,1
1195,12,0,50,42,22,1,30,292.08,1,1
1974,21,1,100,93,42,1,55,159.42,1,0
1870,8,0,400,133,45,1,30,1881.84,1,1
1122,12,0,50,79,35,1,25,788.49,1,1
188,1,0,100,38,19,0,30,188.12,1,1
620,0,0,400,115,40,1,25,1989.81,1,1
2899,7,0,100,49,32,1,30,307.88,1,1
1176,11,0,100,38,22,1,45,141.075,1,1
1183,10,0,200,20,10,1,55,52.845,1,1
2508,13,0,100,127,47,1,30,1078.28,1,1
2320,5,0,400,135,48,1,25,2129.535,1,1
615,2,0,50,170,27,1,25,1298.25,1,1
1514,9,0,100,27,6,1,30,1964.48,1,1
1467,5,0,100,26,17,0,30,208.84,1,1
402,8,0,50,71,17,1,30,197.64,1,1
995,10,0,100,35,18,1,30,243.8,1,1
935,11,0,100,122,35,1,30,1407.68,1,0
372,7,0,100,154,47,1,45,317.975,1,1
2091,8,0,100,22,5,0,25,52.29,1,1
2284,20,0,100,228,74,1,25,721.935,1,1
594,2,0,100,23,9,1,25,71.235,1,1
2829,2,0,100,30,24,0,30,136.52,0,1
727,10,0,50,46,14,0,30,177.64,0,1
827,4,0,100,35,14,0,25,131.4,0,1
1869,5,0,50,6,2,0,25,45.495,0,1
688,3,0,100,53,22,1,25,905.76,1,1
2335,8,0,100,124,38,1,25,1596.105,1,0
137,0,0,100,81,25,1,25,162.405,1,1
2577,0,0,100,18,16,1,30,117.32,1,1
629,0,0,50,0,0,0,25,0.0,0,1
335,19,0,20,227,80,1,25,701.64,1,1
1806,10,0,200,77,30,1,30,193.88,1,1
391,4,0,50,39,68,1,45,115.175,1,1
2934,0,0,100,0,0,1,45,0.0,1,1
1110,11,0,400,87,23,1,30,221.08,1,1
1938,11,0,100,59,25,1,25,960.48,1,1
1818,1,0,100,9,10,0,30,12.56,1,1
2838,0,0,100,30,13,0,30,128.4,1,1
711,7,0,20,100,10,1,25,325.035,1,1
1040,6,0,400,42,68,1,45,126.375,1,1
2072,5,0,50,72,35,1,25,766.35,1,1
2874,22,0,100,51,30,0,25,193.545,0,1
2729,0,1,50,28,23,0,30,117.24,0,1
1562,16,0,50,61,22,0,30,207.76,1,1
2898,11,0,100,175,53,1,45,452.575,1,1
1595,9,0,50,33,19,1,30,264.92,1,1
2991,0,0,100,39,70,1,45,172.925,1,1
2652,8,0,100,75,21,1,30,228.0,1,1
1113,29,0,200,229,30,1,30,827.76,1,1
466,4,0,200,176,28,1,25,1334.52,1,1
1561,13,0,50,102,17,1,30,352.6,1,1
1224,21,0,100,89,38,1,55,169.035,1,1
2111,7,0,50,97,16,1,30,311.8,1,1
3116,2,0,200,175,25,1,25,1285.425,1,1
2472,4,0,100,65,22,1,25,669.735,1,1
1509,12,0,100,169,42,1,30,593.28,1,1
2716,0,0,100,166,22,1,25,1254.87,1,1
1105,7,0,20,62,31,1,25,152.1,1,1
661,3,0,50,95,11,1,30,260.32,1,1
3094,7,0,100,27,14,1,25,145.665,1,1
339,0,0,100,42,23,1,25,770.04,1,1
216,11,0,200,188,31,1,25,1416.285,1,1
1616,6,0,200,91,25,1,30,1004.24,1,1
1342,5,0,100,6,2,0,45,50.275,1,1
2646,0,0,200,18,8,1,25,109.26,1,1
2965,0,0,100,27,10,1,30,2149.28,1,1
2947,7,0,50,125,25,1,15,622.215,1,0
1847,11,0,50,166,42,1,55,212.895,1,1
1593,17,0,200,39,18,1,25,236.655,1,1
2047,15,0,50,174,42,1,55,254.505,1,1
3146,0,0,100,19,9,1,25,108.855,1,1
2654,10,0,100,64,28,1,30,1566.88,1,1
817,0,0,100,8,9,0,25,26.01,1,1
1068,8,0,100,22,14,0,30,164.68,1,1
2139,5,0,100,38,15,1,25,977.985,1,0
275,27,0,50,104,42,1,55,182.235,1,0
2367,0,0,50,6,6,0,25,31.545,1,1
866,0,0,100,80,24,1,30,967.0,1,1
102,6,0,50,70,14,1,30,170.0,1,1
1502,5,0,100,6,2,0,25,45.495,1,1
2938,0,0,100,28,3,0,30,71.52,1,1
172,5,0,100,148,46,1,30,476.52,1,1
108,2,0,100,38,15,1,30,1192.32,1,1
2217,5,0,50,24,17,0,25,119.655,1,1
1522,13,0,100,75,35,1,25,687.735,1,1
3137,0,0,100,75,23,1,25,148.41,1,1
1827,8,1,100,36,18,0,30,104.84,0,1
2322,10,0,100,83,42,1,25,849.645,1,1
2114,5,0,100,29,12,1,30,2100.16,1,1
1968,2,0,100,14,8,0,30,80.96,1,1
2416,7,0,200,96,41,1,30,1115.84,1,1
2121,8,0,50,156,51,1,45,345.025,1,1
2374,19,0,100,85,37,1,55,155.1,1,1
2464,0,0,100,17,7,1,30,1948.48,1,1
2708,0,0,100,23,10,1,30,1124.72,1,1
1963,25,0,200,225,32,1,30,830.6,1,1
296,8,0,100,37,14,1,25,271.89,1,1
713,26,1,200,230,30,1,30,851.0,1,1
73,10,0,200,76,40,1,25,840.78,1,1
1525,18,0,20,98,22,1,25,306.27,0,1
2393,8,0,200,24,8,1,25,84.105,1,1
2980,0,0,400,0,0,0,30,100.0,0,1
3030,0,0,400,0,0,0,25,0.0,0,1
482,0,0,50,91,20,1,45,181.775,1,1
2338,8,0,100,61,28,1,25,972.945,1,1
1531,8,0,100,97,20,1,45,194.3,1,1
2686,6,0,100,120,37,1,25,1572.3,1,0
1873,28,1,200,53,19,0,30,144.52,0,1
1515,14,0,20,182,28,1,25,1276.065,1,1
3108,0,0,100,32,13,1,30,1151.88,1,1
1763,36,0,200,242,34,1,30,931.88,1,0
1491,16,0,100,37,13,0,30,242.28,1,1
1172,18,0,50,91,45,1,25,916.83,1,1
2580,0,0,400,0,0,0,30,12.0,0,1
2038,9,0,100,56,25,1,25,940.32,1,1
2673,8,0,200,79,41,1,25,825.84,1,1
2185,5,0,100,114,29,1,25,1489.455,1,0
2336,4,0,200,90,33,1,25,237.96,1,1
2395,0,0,50,18,9,1,25,145.485,1,1
406,3,0,200,58,33,1,15,145.805,1,1
758,2,0,100,104,41,1,30,776.16,1,1
2115,10,0,50,184,34,1,25,1428.705,1,1
2303,12,0,200,68,29,1,30,1588.04,1,1
3104,3,0,100,53,19,1,25,1633.995,1,1
98,14,0,100,172,43,1,45,437.35,1,1
1334,28,0,100,236,77,1,25,771.12,1,0
2513,25,0,200,231,36,1,30,963.44,1,1
744,3,0,100,66,21,1,30,183.84,1,1
807,0,0,50,33,16,1,30,1195.52,1,1
2911,0,0,20,67,8,1,30,147.08,1,1
2079,0,1,100,0,0,0,30,0.0,0,1
2630,0,0,400,0,0,0,25,0.0,0,1
1536,7,0,200,82,26,1,25,211.05,1,1
2308,15,0,100,129,48,1,30,996.96,1,1
2267,0,0,20,4,5,0,25,27.855,1,1
2467,0,0,20,4,1,0,25,12.555,1,1
149,6,0,100,44,16,1,30,196.24,1,1
1978,9,1,100,44,31,0,30,228.48,0,1
2163,24,0,200,223,28,1,30,787.32,1,1
2304,12,0,100,74,40,1,15,310.86,1,1
1316,6,0,100,84,23,1,30,996.36,1,1
693,7,0,200,32,12,1,25,132.84,1,1
819,0,1,100,0,0,0,25,0.0,0,1
1729,7,0,100,14,5,0,30,78.08,0,1
1387,12,1,100,60,37,0,45,230.75,0,1
1846,15,0,200,136,44,1,25,577.035,1,0
2405,7,0,100,68,48,1,25,241.245,1,1
2430,5,0,400,35,21,1,45,110.075,1,1
1600,10,1,400,26,12,1,30,144.32,0,1
2485,2,0,50,106,18,1,25,1416.195,1,0
2585,21,0,20,234,82,1,25,737.28,1,1
702,1,0,50,10,2,0,25,68.985,1,1
1500,8,1,400,31,13,1,30,233.56,0,1
2794,7,0,100,34,16,1,25,154.53,1,1
922,13,0,50,81,39,1,25,837.18,1,1
1425,14,0,50,94,11,1,25,306.765,0,1
1709,14,0,100,181,47,1,30,630.36,1,1
906,16,0,200,88,30,1,30,322.72,1,1
455,5,0,100,60,33,1,15,217.415,1,1
2471,3,0,20,144,32,1,30,440.36,1,1
2209,12,0,100,179,50,1,30,628.48,1,1
2656,3,0,100,62,37,1,15,187.55,1,1
2299,0,0,100,30,4,1,30,966.4,1,1
168,0,0,100,8,10,0,25,39.735,1,1
731,4,0,20,102,20,1,45,219.8,1,1
2277,4,0,100,31,10,0,25,124.245,0,1
1311,9,0,50,93,9,1,30,273.44,1,1
2422,12,0,100,85,52,1,25,913.635,1,1
27,1,0,50,16,10,1,30,109.64,1,1
2098,5,0,100,42,17,1,30,217.4,1,1
1898,13,0,100,51,21,1,30,280.32,1,1
1653,13,0,200,60,25,1,25,1737.81,1,1
1623,26,1,200,52,16,0,30,100.88,0,1
588,0,0,100,35,16,0,30,157.4,1,1
1402,5,0,50,6,2,0,30,40.44,1,1
998,16,0,100,54,23,1,30,302.88,1,0
1177,19,1,50,57,24,0,30,268.48,0,1
1701,15,0,20,83,20,1,30,270.32,1,1
1041,13,0,50,28,7,0,30,86.92,1,1
34,0,0,100,0,0,1,45,0.0,1,1
2410,11,0,400,93,40,1,30,300.32,1,1
2739,0,0,100,37,15,1,25,789.84,1,1
1380,10,0,400,41,23,1,45,135.35,1,1
42,11,0,50,19,3,0,25,27.18,1,1
1877,14,1,50,47,18,0,30,197.68,0,1
2952,3,0,100,71,19,1,30,290.04,1,1
2309,9,0,100,177,49,1,30,609.2,1,1
2741,0,0,20,23,60,1,45,45.65,1,1
2280,0,0,400,0,0,1,30,0.0,1,1
2019,3,1,100,3,2,1,25,25.335,0,1
2000,3,0,400,19,7,1,30,60.28,0,1
610,0,0,400,71,22,1,30,171.24,1,1
1133,5,0,200,6,2,1,55,15.165,1,1
29,9,0,50,38,27,0,30,95.64,0,1
442,11,0,100,25,7,0,25,77.625,1,1
666,0,0,200,86,25,1,30,999.24,1,1
2993,0,0,200,10,5,0,45,131.125,1,1
494,5,0,100,26,11,1,25,96.57,1,1
1259,14,0,50,183,51,1,30,649.64,1,1
1302,5,0,100,6,2,0,30,40.44,1,1
2671,3,0,50,131,47,1,25,2105.73,1,1
2489,0,0,100,26,1,1,25,807.345,1,0
1383,9,0,200,20,19,1,55,66.945,1,1
1305,6,0,20,56,30,1,25,147.33,1,1
237,4,0,100,88,29,1,30,192.24,1,1
1986,2,0,100,82,28,1,25,180.0,1,1
552,0,0,100,62,13,1,25,183.015,1,1
521,1,0,100,124,43,1,25,2051.415,1,1
3036,1,0,100,104,27,1,25,1343.205,1,0
1233,5,0,200,6,2,1,55,15.165,0,1
1139,8,0,100,40,9,1,30,823.2,1,0
1906,16,0,200,88,30,1,30,322.72,1,1
721,8,0,100,159,45,1,30,529.16,1,1
736,3,0,200,87,26,1,25,202.95,1,1
3000,0,0,400,40,12,1,30,1129.6,1,1
1751,19,0,20,88,19,1,30,366.92,1,1
59,15,0,100,122,46,1,30,989.08,1,1
632,0,0,100,0,0,0,30,0.0,0,1
1182,10,1,50,23,12,0,45,107.9,0,1
2323,25,1,200,55,22,0,25,175.05,0,1
593,0,0,200,0,0,0,45,22.5,1,1
1304,13,0,100,64,32,1,15,279.785,1,1
1388,15,0,100,69,40,1,25,1082.43,1,1
2751,0,0,20,0,0,1,25,0.0,0,1
2767,0,0,50,88,29,1,30,1018.52,1,1
2055,0,0,100,55,31,1,15,131.34,1,1
2349,4,0,100,48,15,1,30,1088.72,1,1
940,9,0,400,45,70,1,55,84.27,1,1
2931,0,0,50,0,0,1,30,0.0,1,1
1250,5,1,400,15,3,1,30,89.92,0,1
905,8,0,50,64,35,1,25,164.79,1,1
2964,20,0,100,225,34,1,30,923.0,1,1
1280,8,0,400,39,13,1,45,99.8,1,1
2526,1,0,100,28,18,1,30,247.32,1,1
3023,3,0,200,63,31,1,25,596.745,1,1
2243,15,0,200,42,19,1,25,221.715,1,1
2511,6,0,20,101,16,1,30,401.36,1,1
2593,0,0,200,6,5,0,45,75.15,1,1
1143,14,0,200,36,11,1,25,138.87,1,1
2628,3,1,100,33,10,0,25,118.71,0,1
707,5,0,50,44,16,1,30,1256.36,1,1
2929,0,1,50,28,14,0,30,79.64,0,1
1023,25,1,200,50,17,0,30,122.0,0,1
746,17,0,200,146,40,1,15,854.865,1,0
1547,17,0,50,171,38,1,45,352.35,1,1
1940,9,0,400,45,70,1,55,84.27,1,1
2481,0,0,50,87,7,1,45,156.8,1,1
2155,2,0,20,56,29,1,15,130.295,1,1
2824,16,0,100,33,10,0,25,22.635,0,1
514,23,0,100,222,32,1,30,812.68,1,1
82,5,0,50,98,25,1,55,140.595,1,1
2799,5,0,50,47,22,1,30,251.0,1,1
1309,10,0,100,167,41,1,30,590.6,1,1
2625,15,0,20,85,36,1,45,253.375,1,1
915,14,0,50,188,32,1,25,1425.51,1,1
1405,5,0,50,54,20,1,25,128.34,1,1
1648,11,0,100,50,18,1,30,236.68,1,1
2901,2,1,50,23,20,1,30,128.24,0,1
1109,11,0,100,173,42,1,30,594.84,1,1
151,1,0,20,18,4,1,30,52.6,0,1
2866,8,0,200,186,43,1,25,1456.47,1,1
775,2,1,50,81,22,1,25,219.78,0,1
330,0,0,400,0,0,0,30,0.0,0,1
7,11,0,50,76,24,1,25,168.12,1,1
2002,3,0,50,8,6,1,30,63.44,1,1
944,7,0,100,67,25,1,30,203.88,1,1
823,18,0,200,41,15,0,25,71.595,0,1
910,12,0,400,89,27,1,30,232.36,1,1
182,1,0,100,91,21,1,45,186.9,1,1
165,2,0,50,21,7,1,30,2024.64,1,1
1524,26,0,100,93,40,1,45,285.45,1,1
452,3,0,100,65,15,1,25,185.85,1,1
1312,12,0,100,52,14,0,30,124.6,1,1
1112,13,0,100,58,15,0,30,128.84,1,1
1288,13,0,100,67,30,1,25,1018.44,1,1
328,3,1,100,30,16,0,25,103.95,0,1
1791,22,1,50,42,9,0,30,170.28,0,1
2793,0,0,200,12,6,0,45,80.3,1,1
2008,16,0,100,124,45,1,30,967.96,1,1
1859,12,0,100,175,46,1,30,598.12,1,1
313,3,0,200,43,17,0,30,62.84,1,1
833,0,0,200,0,0,1,55,0.0,1,1
1202,5,0,100,6,2,0,25,45.495,1,1
2438,10,0,100,63,38,1,25,1036.935,1,1
2074,18,0,100,90,40,1,45,261.625,1,1
2447,16,0,100,181,55,1,55,286.71,1,1
1482,5,0,100,19,10,0,45,146.675,0,1
778,0,0,100,27,29,0,30,59.2,0,1
800,0,0,400,2,5,1,25,21.33,0,1
55,12,0,50,67,38,1,15,300.025,1,1
1921,12,0,50,160,49,1,45,343.25,1,1
2719,0,0,100,0,0,0,25,0.0,1,1
2273,18,1,200,37,11,0,25,37.44,0,1
1702,7,0,50,17,7,0,30,113.6,1,1
2949,0,0,100,29,2,1,30,91.08,1,1
988,14,0,100,62,27,1,25,985.815,1,1
2271,2,0,50,144,41,1,30,453.96,1,1
1395,11,0,50,42,31,1,30,329.68,1,1
769,0,0,50,0,0,0,25,0.0,0,1
2790,1,0,400,38,14,1,25,941.76,1,0
286,12,1,100,127,33,1,30,1428.08,1,0
2775,18,0,50,95,45,1,45,272.625,1,0
429,9,0,100,44,31,0,30,228.48,0,1
2080,0,0,400,22,4,1,30,65.2,1,1
723,24,0,200,52,15,0,25,140.04,0,1
952,8,0,50,14,8,1,30,103.88,1,1
990,12,0,400,48,72,1,55,92.715,1,1
2935,16,0,50,222,63,1,25,692.64,1,1
3090,1,0,400,31,12,1,25,932.895,1,0
327,0,0,50,11,14,1,30,85.64,1,1
1384,34,0,100,254,97,1,25,901.53,1,0
1725,20,0,50,110,27,1,30,413.32,1,1
1087,9,1,20,52,26,0,45,190.05,1,1
342,0,0,50,0,0,0,25,0.0,1,1
148,10,0,100,170,37,1,45,382.8,1,1
2463,21,0,200,215,17,1,30,722.2,1,1
1108,17,0,100,125,41,1,30,942.6,1,1
849,0,0,100,34,8,1,30,996.76,1,1
967,8,0,50,23,15,1,25,110.835,1,1
2592,7,0,50,21,9,0,25,80.82,1,1
662,6,0,100,54,16,0,30,115.48,1,1
1003,12,0,200,63,24,1,30,1554.44,1,1
2465,5,0,100,172,15,1,25,1258.065,1,1
2648,6,0,100,163,34,1,45,357.775,1,1
2792,8,0,50,27,10,0,25,90.09,1,1
1880,6,0,400,31,8,1,45,67.6,1,1
2960,2,0,400,169,46,1,30,650.08,1,1
1204,10,0,100,62,31,1,25,225.225,1,1
1991,11,0,50,25,7,0,25,77.625,1,1
25,21,0,20,87,38,1,45,260.175,1,0
2953,0,0,200,5,6,0,30,133.32,1,1
2207,9,0,50,49,24,1,30,1306.76,1,1
2189,3,0,100,34,7,1,25,880.605,1,0
2423,27,1,200,57,32,0,30,212.48,0,1
876,0,0,100,16,12,1,30,102.04,1,1
2834,0,0,100,0,0,1,55,0.0,1,1
939,9,0,50,42,13,1,30,866.48,1,0
2638,0,0,100,36,14,0,30,136.64,1,1
3121,0,0,50,120,38,1,25,1976.985,1,1
386,6,0,200,116,33,1,25,1538.145,1,0
2418,6,0,100,24,23,0,30,189.36,1,1
2639,0,0,50,45,17,1,25,820.8,1,1
2316,5,0,200,94,31,1,30,1058.96,1,1
2855,9,0,50,70,48,1,15,333.465,1,1
937,8,0,100,50,22,0,30,260.8,1,1
2713,0,0,200,38,9,0,30,68.44,1,1
3070,0,0,400,0,0,0,25,9.0,0,1
1333,5,0,200,6,2,1,55,15.165,1,1
1935,11,0,20,122,35,1,30,1407.68,1,0
936,7,0,100,88,30,1,30,200.44,1,1
567,0,0,50,77,22,1,30,944.48,1,1
1855,8,0,100,64,35,1,25,164.79,1,1
2553,0,0,200,1,6,0,25,49.23,1,1
1646,19,0,200,146,41,1,25,672.885,1,0
2234,30,1,100,248,86,1,25,813.735,1,1
1793,21,0,200,49,15,1,25,256.005,1,1
1431,5,0,20,93,9,1,55,109.245,1,1
2647,10,0,100,133,36,1,15,711.755,1,0
1014,6,0,100,30,8,1,30,2074.8,1,1
1929,5,0,100,8,4,0,30,45.84,0,1
2371,5,0,20,146,42,1,45,285.775,1,1
127,0,0,100,21,11,1,30,106.84,1,1
2811,0,0,50,69,18,1,30,163.96,1,1
1348,11,0,100,43,16,1,30,228.84,1,1
356,3,0,100,58,33,1,15,145.805,1,1
828,4,1,100,38,29,0,30,188.04,0,1
1640,7,0,400,44,67,1,55,67.905,1,1
985,14,0,50,125,37,1,30,1430.2,1,0
363,9,1,200,54,17,0,30,123.68,1,1
346,0,0,200,15,14,1,25,58.5,1,1
3144,3,0,100,25,8,1,25,47.475,1,1
2674,23,1,100,51,21,0,25,151.245,0,1
712,10,0,100,59,15,0,30,144.08,1,1
2173,22,0,200,45,13,0,25,68.4,0,1
11,7,0,20,77,21,1,30,179.08,1,1
2542,0,0,50,16,7,0,45,156.4,1,1
2117,1,0,50,16,15,0,25,88.695,1,1
1835,5,0,100,111,35,1,25,1438.695,1,0
794,0,0,100,44,21,1,30,90.16,1,1
2906,0,0,200,42,16,1,15,84.15,1,1
95,4,0,50,62,26,1,30,207.08,1,1
130,0,0,400,0,0,0,30,0.0,0,1
2361,4,0,50,87,7,1,30,233.0,1,1
3050,0,0,400,28,4,1,25,971.91,1,1
1901,13,0,50,77,19,1,30,238.08,1,1
2757,8,0,50,84,31,1,25,330.03,1,1
1933,5,0,200,10,4,1,55,26.295,1,1
2264,0,0,100,17,2,1,30,1986.08,1,1
1866,8,0,100,92,28,1,30,1047.88,1,1
1659,10,0,100,169,45,1,30,569.88,1,1
517,1,0,100,83,26,1,30,989.52,1,1
1858,18,0,100,127,45,1,30,985.88,1,1
1278,16,1,100,58,38,0,45,200.275,0,1
951,16,0,50,80,21,1,30,260.6,1,1
1121,11,0,20,158,45,1,45,316.2,1,1
420,0,0,400,0,0,0,25,0.0,0,1
923,28,0,200,53,19,0,30,144.52,0,1
2319,2,0,50,8,5,0,25,57.96,0,1
478,4,0,100,35,14,0,25,131.4,0,1
2036,5,0,100,85,30,1,30,182.52,1,1
2296,11,0,100,131,36,1,15,729.52,1,0
1693,13,0,200,32,14,1,25,151.29,1,1
2821,0,0,20,113,36,1,25,1968.12,1,1
1472,13,0,50,87,43,1,30,877.0,1,1
1203,10,0,200,56,20,1,30,1506.16,1,1
1670,6,0,400,127,44,1,25,2080.8,1,1
2917,0,0,50,70,9,1,30,858.6,1,1
1971,7,0,100,154,47,1,45,317.975,1,1
2152,0,0,100,0,0,0,25,0.0,1,1
821,2,0,20,148,45,1,30,468.32,1,1
1998,8,0,100,45,19,1,30,239.92,1,0
3012,1,0,50,83,6,1,25,251.145,1,1
1249,5,0,50,36,6,1,30,1006.84,1,1
2315,11,0,20,190,35,1,25,1437.975,1,1
2831,0,0,100,0,0,1,30,0.0,1,1
2191,10,0,100,23,3,0,25,28.935,1,1
2749,0,0,100,29,11,1,30,128.68,1,1
1047,14,0,50,174,40,1,55,252.78,1,1
1889,9,0,100,42,13,1,30,866.48,1,0
616,0,0,200,74,23,1,30,934.76,1,1
1319,5,0,100,6,2,0,25,45.495,0,1
3029,4,0,100,32,25,0,30,75.2,0,1
2137,4,0,50,46,24,0,30,263.64,1,1
2588,0,0,100,40,22,0,30,223.2,1,1
1773,34,1,200,64,19,0,30,205.36,0,0
3099,5,0,50,40,20,1,30,243.08,1,1
132,1,0,50,96,19,1,55,107.865,1,1
78,11,1,100,42,19,0,30,200.88,0,1
2053,7,0,200,57,22,1,25,1703.25,1,1
725,14,0,100,103,22,1,25,406.17,1,1
1315,12,0,20,180,27,1,25,1367.55,1,1
1852,5,0,100,11,6,0,30,81.36,1,1
2420,7,0,400,137,58,1,30,1949.8,1,1
2616,3,0,200,174,24,1,25,1285.83,1,1
1373,32,1,200,63,34,0,30,252.92,0,1
1856,16,0,100,88,30,1,30,322.72,1,1
1320,6,0,400,125,40,1,30,1830.32,1,1
3018,0,0,100,2,5,0,25,20.565,1,1
2290,0,0,400,29,62,1,45,70.925,1,1
376,13,0,200,98,24,1,25,383.22,0,1
1909,12,0,100,175,46,1,30,598.12,1,1
334,0,0,100,0,0,1,55,0.0,1,1
2375,11,1,50,90,19,1,25,325.26,0,1
2425,17,0,20,108,39,1,25,505.17,1,1
1605,6,0,50,63,32,1,25,115.695,1,1
1119,5,0,100,6,2,0,25,45.495,0,1
2971,0,0,20,127,45,1,30,1933.8,1,1
1944,7,0,100,67,25,1,30,203.88,1,1
2385,4,0,100,108,28,1,25,1480.185,1,0
2653,0,0,200,9,8,0,25,80.19,1,1
1343,13,0,200,30,10,1,25,129.6,1,1
321,0,0,20,116,43,1,25,1926.63,1,1
1620,6,0,400,132,42,1,30,1838.2,1,1
2574,19,0,100,43,19,0,25,120.285,0,1
2061,3,0,50,92,10,1,25,276.75,1,1
2220,8,0,400,137,49,1,30,1912.2,1,1
1674,24,0,100,93,43,1,45,270.825,1,1
1943,15,0,200,38,15,1,25,187.56,1,1
261,13,0,100,94,25,1,30,252.76,1,1
2478,5,0,100,34,16,0,30,120.08,0,1
2040,7,0,400,42,70,1,45,129.25,1,1
690,1,0,400,39,67,1,45,110.05,1,1
902,5,0,50,11,6,0,30,81.36,1,1
2027,12,0,50,44,18,1,30,179.76,0,1
139,4,0,100,52,20,1,25,865.89,1,1
1918,7,0,100,20,10,0,30,121.4,1,1
1829,0,0,50,0,0,0,30,0.0,0,1
1574,28,0,100,100,47,1,55,190.95,1,1
320,0,0,400,0,0,0,25,0.0,0,1
654,7,0,100,66,34,1,15,228.745,1,1
2138,7,0,100,55,27,1,25,963.675,1,1
2586,2,0,100,112,35,1,25,1541.34,1,0
559,5,0,100,112,39,1,30,882.48,1,1
2188,5,0,100,51,19,1,25,866.295,1,1
113,7,0,200,53,14,0,30,84.04,1,1
532,1,0,100,94,22,1,45,195.85,1,1
225,23,0,100,99,43,1,55,171.51,1,0
724,22,0,100,98,40,1,45,278.45,1,1
2555,6,0,50,62,37,1,25,199.575,1,1
2703,0,0,200,0,0,0,25,0.0,1,1
1434,26,0,100,234,67,1,25,752.13,1,1
2453,6,0,200,50,9,1,25,1606.635,1,1
2891,3,0,100,43,81,1,45,157.65,1,1
1459,12,0,100,181,50,1,30,730.96,1,1
2841,0,0,50,25,61,1,45,57.7,1,1
847,7,0,50,165,38,1,45,384.8,1,1
194,8,0,100,26,12,1,25,105.795,1,1
1465,14,0,50,194,36,1,30,1399.96,1,1
947,17,0,50,177,42,1,55,261.225,1,1
2022,11,0,100,78,39,1,25,817.02,1,1
1630,4,0,400,30,5,1,45,45.325,1,1
118,0,0,100,13,8,0,25,31.41,1,1
646,9,0,200,129,39,1,15,726.88,1,0
1871,12,0,50,160,49,1,45,343.25,1,1
4,10,0,100,54,20,1,25,1579.14,1,1
75,23,0,100,94,45,1,55,175.785,1,1
1756,22,0,100,99,30,1,30,383.56,1,1
468,0,0,100,8,9,0,25,26.01,1,1
6,3,0,200,52,29,1,15,128.15,1,1
1247,12,0,50,167,36,1,45,391.125,1,1
920,8,0,400,133,45,1,30,1881.84,1,1
229,11,1,100,50,32,0,45,162.95,0,1
1064,10,0,100,35,14,1,45,1337.875,1,1
243,2,0,200,16,4,0,45,93.525,1,1
2403,14,0,200,70,39,1,30,1644.92,1,1
1161,16,0,50,111,20,1,30,379.76,1,1
2645,0,0,20,53,17,1,30,115.72,1,1
1527,14,0,20,41,14,0,30,156.84,0,1
1606,14,0,200,87,27,1,30,279.08,1,1
2927,0,0,100,6,2,1,30,77.64,1,1
3122,0,0,50,147,42,1,30,444.68,1,1
2677,1,0,50,26,18,1,30,144.84,1,1
1990,4,0,400,39,68,1,45,115.175,1,1
2476,0,0,100,12,4,1,30,90.08,1,1
1976,1,0,200,22,14,1,30,114.48,1,1
1762,20,0,100,71,19,0,45,140.6,1,1
1306,14,0,200,80,25,1,30,271.2,1,1
1542,5,0,50,10,2,0,45,43.125,1,1
623,16,0,200,35,14,0,25,35.325,0,1
2437,7,1,100,54,35,0,30,328.76,0,1
1494,7,0,100,73,29,1,45,210.45,1,1
111,5,0,20,82,22,1,30,176.28,1,1
2276,0,0,200,12,8,1,30,103.68,1,1
2388,4,0,100,45,18,1,25,857.025,1,1
1170,13,0,400,143,51,1,30,1952.64,1,1
2589,2,0,100,49,25,1,25,918.18,1,1
233,2,0,200,13,5,0,45,58.525,0,1
67,5,0,20,87,29,1,30,1051.08,1,1
2847,9,0,100,127,35,1,15,700.425,1,0
2073,20,0,200,44,15,0,25,91.755,0,1
2193,9,0,200,30,9,1,25,93.375,1,1
537,0,0,100,79,28,1,25,159.84,1,1
126,11,0,200,97,21,1,25,334.125,0,1
2134,26,0,100,240,84,1,25,782.775,1,1
1255,10,0,50,72,40,1,25,222.75,1,1
2787,0,0,100,84,31,1,25,192.465,1,1
1977,9,0,100,41,16,0,30,157.24,0,1
2590,0,0,400,32,13,1,25,932.49,1,0
3080,0,0,400,0,0,0,30,8.0,0,1
2076,0,0,100,19,12,1,30,111.96,1,1
485,20,0,100,232,78,1,25,720.09,1,1
1655,6,0,100,58,34,1,15,157.08,1,1
2814,18,0,100,211,25,1,30,738.64,1,1
2680,0,0,400,6,6,0,30,35.76,0,1
2529,0,0,100,8,6,0,30,138.24,0,1
1775,24,0,100,115,26,1,30,441.92,1,1
919,5,0,50,6,2,0,25,45.495,0,1
1647,15,0,100,176,39,1,55,244.845,1,1
1027,11,0,100,44,16,0,30,175.16,0,1
1031,5,0,50,100,22,1,55,130.95,1,1
883,0,0,200,0,0,1,55,0.0,1,1
1336,5,0,200,80,25,1,30,184.92,1,1
2342,2,0,50,18,8,0,45,105.575,1,1
365,4,0,20,27,8,1,30,2056.88,1,1
2126,2,0,100,24,18,1,30,157.76,1,1
28,9,1,100,35,12,0,25,130.95,0,1
474,18,0,100,41,15,0,25,71.595,0,1
526,11,1,100,95,24,1,25,363.06,0,1
726,2,0,200,27,12,1,30,134.88,1,1
56,5,0,100,59,36,1,15,205.81,1,1
639,0,0,100,24,8,1,25,847.53,1,0
303,0,0,200,0,0,0,25,0.0,1,1
2743,0,0,200,0,0,0,45,0.0,1,1
1277,16,1,100,55,23,0,30,249.2,0,1
2772,4,0,100,156,50,1,30,519.84,1,1
625,6,0,100,86,21,1,25,301.455,0,1
2056,8,0,200,79,26,1,30,259.76,1,1
1281,10,0,50,111,29,1,55,158.715,1,1
1050,5,1,400,22,7,1,30,98.2,0,1
337,0,0,100,71,28,1,25,138.555,1,1
48,12,0,100,165,36,1,45,327.075,1,1
107,9,0,50,81,25,1,30,238.64,1,1
1080,7,0,400,33,12,1,45,94.65,1,1
2287,0,0,20,34,14,0,30,149.56,1,1
2262,4,0,100,44,11,0,30,80.88,1,1
1145,6,0,50,30,12,1,25,200.25,1,1
2510,7,0,400,89,29,1,30,324.76,1,1
2297,7,0,100,161,34,1,45,365.85,1,1
1837,2,0,50,39,22,0,30,131.96,1,1
1754,21,0,100,83,37,1,15,379.28,1,1
1102,5,0,100,6,2,0,30,40.44,1,1
1969,0,0,50,0,0,0,25,0.0,0,1
524,21,1,100,44,17,1,25,96.93,0,1
2281,0,0,50,87,16,1,45,165.3,1,1
1429,5,1,100,6,2,0,30,40.44,0,1
2742,0,0,50,0,0,0,25,0.0,1,1
604,3,0,100,54,32,1,15,217.085,1,1
1490,9,0,400,51,74,1,55,134.085,1,1
2475,9,1,50,88,9,1,25,261.27,0,1
61,9,0,100,84,28,1,30,235.56,1,1
2890,3,0,400,40,24,1,25,1005.75,1,0
672,5,0,100,75,36,1,25,782.46,1,1
93,2,0,200,11,6,0,45,100.65,1,1
667,0,0,50,14,10,0,25,30.78,1,1
1888,11,0,100,59,25,1,25,960.48,1,1
281,7,0,20,36,6,1,45,80.35,1,1
1720,10,0,400,139,46,1,30,1914.08,1,1
360,7,0,400,169,44,1,30,557.68,1,1
900,0,0,400,13,5,1,25,53.775,0,1
1936,7,0,100,88,30,1,30,200.44,1,1
1995,2,0,20,26,14,1,25,203.445,1,1
3100,0,0,400,35,11,1,30,1040.4,1,1
761,0,0,20,78,10,1,25,224.145,1,1
2159,6,0,50,167,40,1,30,554.4,1,1
2758,1,0,100,41,21,1,30,1247.04,1,1
43,0,0,200,4,1,0,45,17.85,1,1
2174,20,0,100,91,38,1,45,261.15,1,1
205,12,0,20,72,36,1,15,284.35,1,1
1474,26,0,100,105,48,1,55,224.4,1,0
2101,9,0,20,73,21,1,30,240.92,1,1
69,4,0,100,15,11,0,30,124.6,1,1
1876,6,0,200,28,16,1,30,154.92,1,1
2600,0,0,400,36,12,1,30,1040.04,1,1
2232,5,0,50,17,10,0,45,82.625,0,1
138,1,0,100,43,17,0,30,176.72,1,1
797,1,0,50,154,38,1,45,304.275,1,1
2181,2,0,20,95,18,1,45,180.0,1,1
2129,1,0,100,4,6,0,30,48.68,0,1
759,0,0,100,152,42,1,30,516.4,1,1
542,9,0,50,22,7,1,25,57.465,1,1
1020,5,0,400,130,43,1,30,1859.32,1,1
2412,13,0,50,64,32,0,30,232.08,1,1
166,7,0,200,176,29,1,25,1343.745,1,1
249,10,0,100,51,20,1,30,272.12,1,1
1332,5,0,50,6,2,0,45,25.275,0,1
2018,5,0,100,17,10,1,30,103.48,1,1
447,16,0,100,141,42,1,25,676.485,1,0
1359,16,0,100,185,61,1,30,706.52,1,1
2146,17,0,200,143,46,1,25,725.22,1,0
1330,5,0,400,23,3,1,45,62.9,1,1
3055,7,0,50,61,36,1,15,244.42,1,1
2151,7,0,50,69,13,1,25,196.155,1,1
435,25,1,50,238,80,1,25,734.085,1,1
2123,24,1,200,49,21,0,30,147.36,0,1
578,1,1,100,32,12,0,25,119.565,0,1
2515,9,0,50,188,34,1,25,1529.46,1,1
2882,2,0,100,101,35,1,45,249.525,1,1
1849,1,0,50,35,12,1,30,948.8,1,1
763,14,0,200,208,30,1,25,743.985,1,1
389,6,0,50,53,23,1,25,914.985,1,1
236,8,0,100,122,34,1,30,1399.48,1,0
2740,0,0,400,20,3,1,25,804.15,1,0
1985,6,0,100,116,33,1,25,1538.145,1,0
268,6,0,100,25,11,0,25,108.45,1,1
771,0,0,20,137,45,1,30,423.48,1,1
2166,2,0,200,84,22,1,30,964.16,1,1
438,3,0,100,44,20,0,30,220.36,1,1
674,18,0,100,93,41,1,55,156.345,1,1
250,4,0,400,46,11,1,30,1069.44,1,1
2202,5,0,50,15,10,0,30,111.72,1,1
1575,20,0,20,105,29,1,25,477.81,1,1
2143,11,0,200,34,17,1,25,190.755,1,1
2082,0,0,50,4,2,0,45,24.3,0,1
2753,0,0,200,7,7,0,25,58.5,1,1
2701,3,0,50,23,11,1,30,90.64,0,1
3107,4,0,100,75,23,1,25,222.975,1,1
449,8,0,50,45,19,1,30,239.88,1,1
1470,8,0,400,139,49,1,30,2014.68,1,1
717,1,0,100,19,9,0,25,62.955,1,1
2682,3,0,100,101,26,1,55,135.615,1,1
2750,0,0,400,24,2,1,25,1041.705,1,1
2049,5,0,50,43,12,1,30,1059.72,1,1
1902,5,0,50,11,6,0,30,81.36,1,1
1169,10,0,100,16,8,0,30,111.24,0,1
83,2,0,200,8,7,0,45,65.65,0,1
2550,0,0,400,31,6,1,30,974.24,1,1
1461,11,0,20,107,18,1,30,441.8,1,1
1894,7,0,100,67,25,1,30,203.88,1,1
1669,0,0,50,0,0,0,25,0.0,0,1
2001,11,0,20,74,19,1,30,220.16,1,1
476,8,1,100,92,22,1,25,337.725,0,1
518,0,0,100,11,11,1,25,28.845,1,1
405,10,0,20,66,35,1,15,240.02,1,1
385,25,0,50,238,80,1,25,734.085,1,1
2762,3,0,50,97,15,1,25,314.55,1,1
2153,9,0,200,58,20,1,25,1679.895,1,1
1634,28,0,100,243,79,1,25,739.485,1,0
3002,3,0,100,59,11,1,25,180.405,1,1
689,1,0,100,36,10,1,25,920.07,1,0
1241,11,0,20,21,3,0,25,65.97,1,1
63,11,1,200,55,20,0,30,167.32,1,1
853,5,0,200,54,22,1,25,1683.09,1,1
2892,10,0,50,29,20,0,25,154.08,1,1
2606,0,0,200,50,27,1,15,113.19,1,1
1263,32,0,200,239,39,1,30,922.56,1,1
224,25,1,100,53,18,0,30,136.32,0,1
2194,1,0,100,59,19,1,30,128.16,1,1
374,23,0,100,47,17,0,25,117.09,0,1
1825,12,0,50,93,26,1,25,283.77,0,1
2668,0,0,100,18,15,0,25,74.16,1,1
3013,4,0,200,42,11,0,30,74.4,1,1
2731,0,0,50,0,0,1,30,0.0,1,1
2822,0,0,50,140,40,1,30,444.8,1,1
10,7,0,400,163,40,1,30,552.84,1,1
1945,7,0,20,32,16,1,30,221.28,1,1
1839,3,0,100,31,13,1,25,829.845,1,0
709,8,0,100,174,42,1,30,578.08,1,1
256,9,0,100,69,33,1,25,187.74,1,1
1618,5,0,100,19,7,0,30,77.76,1,1
390,4,1,400,36,11,1,25,929.295,0,0
1582,7,0,100,14,9,0,45,90.925,0,1
925,18,0,100,104,26,1,25,428.715,1,1
2037,6,0,100,47,22,1,30,242.88,1,1
2527,9,1,100,47,20,0,30,290.08,0,1
1225,13,0,100,94,20,1,25,349.065,0,1
1947,17,0,50,177,42,1,55,261.21,1,1
740,5,0,400,44,66,1,45,127.925,1,1
41,4,0,50,33,64,1,45,37.15,1,1
869,0,0,50,0,0,0,25,0.0,0,1
540,2,1,400,33,11,1,25,909.135,1,0
3040,0,0,400,24,5,1,25,734.355,1,0
1372,17,0,100,91,54,1,25,959.13,1,0
1146,20,0,100,145,40,1,25,673.335,1,0
1032,5,0,50,10,4,0,45,49.575,0,1
373,8,0,200,75,37,1,25,791.685,1,1
668,0,0,100,14,7,0,30,72.76,1,1
358,4,0,100,39,18,1,30,1235.96,1,1
968,10,0,100,23,12,1,30,143.92,1,1
1354,19,0,100,82,52,1,15,444.675,1,1
1036,5,0,100,85,28,1,30,189.92,1,1
471,0,0,20,121,41,1,25,2026.08,1,1
1397,21,0,50,187,57,1,55,301.875,1,1
2756,0,0,200,60,36,1,15,161.04,1,1
1550,8,0,400,19,5,1,30,95.88,0,1
1257,11,0,100,53,25,1,30,1327.92,1,1
2095,0,0,100,23,12,1,25,178.11,1,1
1556,18,0,100,89,33,1,30,366.36,1,1
2722,0,0,100,138,39,1,30,441.52,1,1
1251,15,0,50,85,24,1,30,289.6,1,1
1700,6,0,400,19,8,1,30,72.44,0,1
1253,17,0,200,74,31,1,30,1628.48,1,1
2923,0,0,200,59,20,1,25,624.24,1,1
80,2,0,400,3,5,0,30,49.04,0,1
1173,33,1,200,63,25,0,30,215.32,0,1
815,4,0,20,176,28,1,25,1334.52,1,1
1853,15,0,200,66,26,1,30,1576.96,1,1
2221,12,0,50,164,53,1,45,362.225,1,1
2765,1,0,100,29,11,1,30,2067.96,1,1
2106,12,0,100,84,32,1,30,325.56,1,1
134,0,0,100,0,0,1,55,0.0,1,1
1141,15,0,20,29,5,0,30,66.16,1,1
934,30,0,100,244,82,1,25,779.58,1,0
929,5,0,50,8,4,0,30,45.84,0,1
824,16,0,100,87,40,1,45,255.425,1,1
1532,5,0,100,7,2,0,45,38.125,0,1
1215,9,0,50,178,26,1,25,1345.86,1,1
505,8,0,100,63,35,1,15,220.88,1,1
3114,18,0,100,218,27,1,30,746.52,1,1
2396,14,0,100,133,37,1,25,618.57,1,0
1997,12,0,50,171,40,1,45,410.1,1,1
2435,10,0,100,126,48,1,25,1660.095,1,0
1959,7,0,100,169,44,1,30,557.68,1,1
1385,15,0,50,132,50,1,30,1516.08,1,0
895,0,0,50,20,12,1,25,157.95,1,1
829,0,0,100,0,0,0,30,0.0,0,1
3065,1,0,50,22,9,1,30,2060.08,1,1
2524,21,0,100,99,46,1,55,209.235,1,1
1684,28,0,100,238,81,1,25,747.81,1,1
2707,1,0,100,66,20,1,25,192.42,1,1
3014,20,0,100,213,26,1,25,739.485,1,1
2643,0,0,200,0,0,0,45,10.0,1,1
653,7,0,200,60,23,1,30,1528.32,1,1
173,6,0,200,69,36,1,25,755.415,1,1
39,6,0,100,47,19,1,25,765.54,1,1
3088,0,0,100,39,21,0,30,223.56,1,1
714,5,0,100,32,6,1,30,2077.28,1,1
91,6,0,20,40,71,1,45,142.45,1,1
3102,1,0,100,64,12,1,25,177.255,1,1
1206,11,0,200,78,24,1,30,251.92,1,1
2603,0,0,200,0,0,0,25,0.0,1,1
2718,0,0,100,0,0,0,25,0.0,1,1
1828,8,0,100,39,33,0,30,140.08,0,1
1156,21,0,200,98,36,1,30,393.52,1,1
1325,16,0,50,96,21,1,25,370.755,0,1
217,5,0,100,92,27,1,30,1039.68,1,1
511,5,0,50,80,25,1,30,174.0,1,1
1681,6,0,50,97,23,1,45,212.175,1,1
500,0,0,400,34,8,1,30,996.76,1,1
2609,7,0,100,113,37,1,30,861.72,1,1
1857,9,0,50,45,20,1,30,1276.4,1,1
1389,13,0,100,52,28,1,30,974.88,1,0
1520,8,0,400,127,41,1,25,1967.625,1,1
2387,1,0,50,36,15,0,30,168.84,1,1
2861,6,0,50,87,38,1,30,259.88,1,1
2077,6,0,100,38,14,0,25,151.56,0,1
1541,16,0,20,25,5,0,25,72.675,1,1
1218,5,0,100,10,4,0,30,58.6,1,1
1417,5,0,50,10,2,0,25,58.05,1,1
2218,7,0,100,24,14,0,30,151.76,1,1
2650,0,0,400,32,4,1,30,953.48,1,1
1677,12,1,20,41,17,0,30,165.44,0,1
1198,18,0,100,61,27,1,45,219.475,1,0
1543,15,0,200,32,11,1,25,96.615,1,1
2540,4,0,400,45,72,1,55,118.92,1,1
954,18,0,100,75,39,1,15,326.59,1,1
751,0,0,20,54,15,1,25,153.405,1,1
235,27,0,20,244,81,1,25,770.355,1,1
733,1,0,200,9,1,1,55,18.78,1,1
3142,4,0,50,18,2,0,25,10.035,1,1
1157,14,0,100,55,26,1,45,842.0,1,1
2706,0,0,200,42,25,1,15,102.85,1,1
2446,20,0,200,151,57,1,25,798.48,1,0
1210,7,0,400,79,21,1,30,213.56,1,1
1066,9,0,100,94,32,1,30,1091.16,1,1
2157,3,0,50,37,14,1,30,1192.68,1,1
1063,31,0,200,233,38,1,30,914.32,1,1
1168,12,0,100,30,16,0,30,192.2,1,1
1493,15,0,200,44,19,1,25,337.005,1,1
2604,4,0,100,52,18,1,25,1634.4,1,1
885,1,0,50,110,31,1,25,1492.65,1,0
144,8,0,100,31,10,1,25,92.97,1,1
3089,3,0,100,48,24,1,25,918.585,1,1
851,3,0,50,65,15,1,25,185.85,1,1
718,3,0,100,19,6,0,25,114.03,1,1
2985,20,0,50,238,82,1,25,838.035,1,1
2503,10,0,200,66,28,1,30,1669.36,1,1
265,10,0,20,38,8,1,30,2117.72,1,1
76,15,0,100,99,27,1,25,432.315,0,1
2493,6,0,200,22,2,1,25,29.115,1,1
396,2,0,100,26,14,1,25,203.445,1,1
2678,9,1,100,45,20,0,30,187.6,0,1
2225,18,0,50,108,30,1,25,462.87,1,1
2942,0,0,100,0,0,0,25,0.0,1,1
397,16,0,50,141,42,1,25,676.485,1,0
1366,12,0,200,102,43,1,30,1156.28,1,1
2631,0,0,20,17,5,1,30,52.0,1,1
1904,15,0,100,72,37,1,15,295.625,1,1
596,0,0,100,17,10,1,25,132.615,1,1
2110,8,0,400,85,29,1,30,235.2,1,1
1297,19,0,100,185,47,1,55,280.545,1,1
1822,7,0,50,70,39,1,25,692.235,1,1
873,18,1,200,41,15,0,25,71.595,0,1
3056,0,0,100,53,34,1,15,150.205,1,1
2327,11,1,50,49,21,0,30,208.76,0,1
1549,7,0,100,40,8,1,30,944.8,1,1
37,2,0,100,76,24,1,25,165.555,1,1
2658,4,0,100,43,22,1,30,1266.32,1,1
2144,3,0,100,63,27,1,30,206.72,1,1
2689,6,0,100,57,27,1,25,949.14,1,1
978,17,0,100,53,35,1,45,182.15,0,1
1572,15,0,50,82,42,1,25,886.275,1,1
1123,27,1,200,51,15,0,30,101.24,0,1
2240,9,0,400,49,74,1,55,95.655,1,1
2505,3,0,50,64,37,1,25,268.74,1,1
1893,15,0,200,38,15,1,25,187.56,1,1
676,0,0,100,22,13,1,30,106.28,1,1
729,1,0,100,7,1,0,30,25.8,0,1
413,9,1,200,54,17,0,30,123.68,1,1
1517,5,0,100,14,9,0,25,80.055,1,1
1650,6,1,400,24,6,1,30,65.04,0,1
826,0,0,200,16,12,1,30,102.04,1,1
617,0,0,50,2,8,0,25,25.74,1,1
115,2,0,50,26,5,1,30,2013.24,1,1
418,0,0,100,14,11,0,25,40.005,1,1
1626,4,0,100,27,13,1,30,119.28,1,1
3085,22,0,50,233,81,1,25,737.685,1,1
90,6,1,400,37,14,1,25,978.39,0,0
2083,0,0,200,0,0,1,55,0.0,1,1
754,0,0,100,49,33,1,15,177.76,1,1
2547,12,0,50,177,44,1,55,295.875,1,1
1631,6,0,50,102,21,1,55,123.03,1,1
12,6,0,100,89,8,1,25,265.14,1,1
2445,6,0,20,36,29,1,25,325.395,1,1
285,31,1,20,249,80,1,25,802.53,1,1
1067,6,0,100,22,17,0,25,134.19,1,1
1192,10,0,50,26,11,0,45,142.9,1,1
1441,12,0,50,21,2,0,30,45.04,1,1
2944,0,0,100,0,0,1,25,0.0,1,1
2943,0,0,200,0,0,0,45,0.0,1,1
2850,0,0,400,26,3,1,30,945.24,1,1
1569,7,0,100,7,5,0,25,94.59,0,1
2428,13,1,100,54,46,0,30,336.88,0,1
2710,0,0,400,153,36,1,30,534.44,1,1
1688,9,0,50,53,24,1,25,924.21,1,1
852,0,0,100,0,0,0,25,0.0,1,1
2208,18,0,100,131,49,1,30,1016.24,1,1
896,11,0,100,135,40,1,15,771.21,1,0
497,11,0,100,135,40,1,15,771.265,1,0
2306,13,0,200,90,33,1,30,333.8,1,1
1783,11,0,200,21,4,1,55,49.11,1,1
336,0,0,100,105,33,1,25,1393.2,1,0
516,7,0,200,179,30,1,25,1359.855,1,1
1349,5,0,50,38,7,1,30,1026.12,1,1
1016,5,0,200,89,26,1,30,1025.36,1,1
2951,0,0,50,0,0,1,25,0.0,0,1
3092,8,0,50,20,8,0,25,81.225,1,1
1782,11,0,50,24,6,0,45,101.675,0,1
2570,0,0,400,0,0,0,25,13.5,0,1
1786,13,0,200,99,30,1,30,261.28,1,1
2071,4,0,20,151,45,1,30,486.24,1,1
357,11,0,50,82,28,1,30,282.28,1,1
2995,0,0,50,61,25,1,30,255.84,1,1
1313,28,0,200,223,29,1,30,819.52,1,0
1636,5,0,200,87,27,1,30,156.8,1,1
551,1,1,50,16,7,1,30,50.36,0,1
2389,2,0,100,28,6,1,25,871.335,1,0
2480,0,0,400,15,3,1,30,43.32,1,1
2522,8,0,100,81,41,1,25,941.13,1,1
2266,0,0,200,76,20,1,30,936.64,1,1
1228,9,1,100,40,27,0,30,198.12,0,1
2818,0,0,100,0,0,0,25,0.0,1,1
958,21,0,100,130,47,1,30,1008.4,1,1
1774,32,0,100,110,44,1,55,197.4,1,1
2142,1,0,100,12,7,0,45,100.425,1,1
1009,9,0,100,172,44,1,30,595.6,1,1
1093,16,0,200,40,19,1,25,236.25,1,1
2907,2,0,50,66,11,1,25,150.12,1,1
997,20,0,100,180,44,1,55,269.67,1,1
1680,4,0,400,25,7,1,30,79.92,1,1
154,8,0,100,54,23,1,25,1692.315,1,1
2925,12,0,50,77,25,1,45,240.175,1,1
581,0,0,50,16,2,1,30,52.76,1,1
1471,12,0,100,166,53,1,45,426.275,1,1
704,11,0,100,71,33,1,15,268.07,1,1
1213,25,0,200,221,28,1,30,800.24,1,1
897,7,0,100,165,38,1,45,384.8,1,1
488,0,0,100,38,18,0,30,179.92,1,1
560,0,0,400,160,40,1,30,542.72,1,1
1142,5,0,50,6,2,0,45,52.775,1,1
1120,7,0,400,131,41,1,30,1838.56,1,1
513,7,0,200,51,17,1,30,105.76,1,1
634,18,0,100,226,77,1,25,719.82,1,1
2717,0,0,50,70,18,1,30,896.2,1,1
1665,12,0,20,182,31,1,25,1389.24,1,1
1013,27,0,200,228,32,1,30,848.52,1,1
1932,5,1,100,13,6,0,45,63.65,0,1
1151,18,0,20,87,25,1,30,308.88,1,1
2948,3,0,100,155,23,1,45,317.075,1,1
117,1,0,100,85,23,1,30,963.8,1,1
741,12,0,50,30,5,0,25,100.575,1,1
2904,1,0,100,44,7,1,25,1561.14,1,1
1975,13,1,50,98,24,1,25,383.22,0,1
1082,6,1,100,15,10,0,45,90.7,0,1
1811,5,0,100,90,14,1,30,224.12,1,1
831,0,0,50,91,20,1,45,181.775,1,1
120,0,0,400,0,0,0,25,0.0,0,1
657,1,0,50,39,17,1,30,1227.76,1,1
2873,7,0,200,79,50,1,25,868.14,1,1
2830,0,0,400,0,0,0,30,0.0,0,1
3077,0,0,100,17,15,1,30,117.68,1,1
636,0,0,200,70,25,1,25,156.735,1,1
370,0,0,400,0,0,0,25,0.0,0,1
269,8,0,50,25,8,0,30,141.8,1,1
2704,0,0,100,44,16,1,25,1603.44,1,1
47,16,0,100,135,38,1,15,644.215,1,0
992,8,0,100,19,7,1,45,112.725,1,1
877,4,1,100,35,14,0,25,131.4,0,1
774,10,0,100,76,40,1,45,237.4,1,1
1220,5,0,400,123,39,1,25,2037.42,1,1
1127,13,1,100,45,14,0,30,158.4,0,1
5,10,0,100,60,31,1,15,227.865,1,1
1596,23,0,200,148,47,1,25,771.075,1,0
2312,11,0,50,62,22,0,30,175.2,1,1
3016,4,0,200,170,24,1,25,1185.075,1,1
2492,0,0,50,0,0,0,45,0.0,1,1
1078,15,1,100,52,37,0,45,195.125,0,1
838,1,0,100,47,21,1,25,869.49,1,1
682,0,0,100,7,3,0,45,33.25,0,1
1716,10,0,100,98,29,1,45,675.075,1,1
2353,8,0,200,52,19,1,30,1485.0,1,1
2618,0,0,100,6,5,0,25,22.32,1,1
2362,7,0,50,46,12,0,30,84.16,1,1
2198,7,0,100,43,15,1,30,196.64,1,1
1149,6,0,100,44,8,1,30,1034.36,1,1
575,13,0,50,84,38,1,45,253.85,1,1
51,3,1,50,13,3,1,25,62.37,0,1
854,5,0,100,60,33,1,15,217.415,1,1
1983,0,0,200,4,2,1,55,11.13,1,1
1824,20,0,100,88,44,1,55,151.77,1,1
834,20,0,100,232,78,1,25,720.09,1,1
1116,7,0,200,90,24,1,30,1004.6,1,1
1167,10,0,50,30,19,0,30,146.8,1,1
2519,0,0,100,6,4,0,25,149.445,0,1
1907,9,0,100,45,20,1,30,1276.4,1,1
972,16,0,100,84,41,1,25,862.515,1,1
2702,0,0,50,55,9,1,25,173.7,1,1
400,2,0,400,40,10,1,30,1037.2,1,1
2560,3,0,400,165,46,1,30,560.52,1,1
2369,0,1,100,0,0,0,25,0.0,0,1
20,0,1,400,0,0,0,25,0.0,0,1
685,3,0,50,116,32,1,25,1528.92,1,0
36,6,0,200,110,29,1,25,1388.7,1,0
2972,2,0,50,154,49,1,45,375.725,1,1
525,19,0,50,90,42,1,45,257.0,1,1
2456,7,0,100,72,13,1,30,173.88,1,1
921,12,0,50,160,49,1,45,343.25,1,1
1842,0,0,100,5,5,0,45,18.125,1,1
1891,16,0,100,31,9,0,30,109.44,1,1
538,1,0,100,41,20,1,30,202.44,1,1
1706,18,0,100,94,31,1,30,354.96,1,1
3076,10,0,100,93,25,1,25,386.82,0,1
246,4,0,200,32,15,1,30,213.08,1,1
785,0,0,50,99,31,1,25,1347.705,1,0
1410,8,0,400,79,12,1,30,199.96,1,1
2538,6,0,100,59,27,1,25,1064.43,1,1
155,8,0,100,60,34,1,15,234.19,1,1
1687,6,0,50,44,21,0,30,228.56,1,1
626,0,0,100,10,11,1,30,101.8,1,1
2734,0,1,100,0,0,1,45,0.0,0,1
3020,0,0,400,0,0,0,25,0.0,0,1
1347,15,0,50,169,37,1,55,241.905,1,1
570,0,0,400,0,0,0,25,0.0,0,1
3078,6,0,100,36,17,0,25,180.495,0,1
1759,18,0,100,186,46,1,30,658.96,1,1
1817,0,0,50,9,13,0,25,21.555,1,1
2066,0,0,200,83,24,1,30,984.92,1,1
128,7,1,100,40,13,0,30,113.6,0,1
3127,0,0,50,15,9,1,30,94.4,1,1
2007,7,0,50,42,20,1,30,1258.48,1,1
981,11,0,20,106,26,1,55,147.84,1,1
3124,16,1,100,40,12,0,25,22.5,0,1
191,2,0,50,33,67,1,45,95.025,1,1
1140,8,0,400,43,66,1,45,113.4,1,1
993,18,0,200,41,17,1,25,212.895,1,1
700,0,0,400,19,6,1,30,52.04,0,1
607,0,0,100,27,15,1,30,1163.28,1,1
181,0,0,100,19,5,1,30,67.48,1,1
302,2,0,100,60,17,1,25,167.4,1,1
2545,2,0,50,32,18,1,30,313.68,1,1
2918,0,0,100,0,0,0,25,0.0,1,1
1061,12,0,100,103,18,1,30,352.24,1,1
2962,1,0,50,95,14,1,30,360.92,1,1
3022,2,0,100,142,41,1,30,447.48,1,1
2566,5,0,100,178,32,1,25,1383.21,1,1
1070,9,0,400,135,49,1,30,1925.12,1,1
2525,13,0,50,104,28,1,30,473.48,1,1
2206,16,0,100,92,34,1,30,353.08,1,1
1244,5,0,100,57,19,1,30,161.08,1,1
17,3,0,50,80,22,1,30,874.6,1,1
3130,0,0,400,0,0,0,30,0.0,0,1
547,14,1,100,138,42,1,15,802.23,1,0
659,4,0,100,169,43,1,30,549.48,1,1
2844,3,0,100,18,6,1,25,38.61,1,1
2876,12,0,100,102,37,1,25,459.675,1,1
1505,8,0,50,58,31,1,15,183.755,1,1
960,15,0,400,92,29,1,45,159.3,1,1
2332,2,0,50,15,9,0,45,70.575,0,1
798,0,0,100,28,17,1,30,74.6,1,1
226,15,0,100,104,25,1,30,372.88,1,1
2075,10,0,50,95,22,1,25,357.885,0,1
1800,14,1,400,36,9,1,30,161.52,0,1
2486,0,0,100,72,13,1,25,143.55,1,1
3110,0,0,400,162,39,1,30,537.6,1,1
2278,4,1,100,34,25,0,30,157.68,0,1
2086,0,0,200,79,26,1,25,168.165,1,1
1694,5,0,100,61,24,1,30,171.64,1,1
2798,9,0,100,173,43,1,45,417.025,1,1
1046,18,0,200,144,42,1,25,696.69,1,0
470,0,0,400,0,0,0,25,0.0,0,1
955,11,0,50,67,37,1,25,190.125,1,1
3126,6,0,100,91,19,1,25,288.63,0,1
2736,0,0,200,100,25,1,25,1413.0,1,0
640,0,0,400,27,65,1,45,69.75,1,1
2921,0,0,50,111,26,1,25,1904.13,1,1
1219,5,0,100,6,2,0,25,45.495,0,1
1159,17,0,100,185,52,1,30,668.92,1,1
1416,5,0,200,82,13,1,30,939.48,1,1
2853,0,0,200,9,17,0,25,122.49,1,1
1528,14,0,100,44,29,0,30,136.08,0,1
3066,6,0,100,177,31,1,25,1383.615,1,1
1301,11,0,20,69,14,1,30,210.56,1,1
3010,2,0,400,157,38,1,30,540.4,1,1
1604,13,0,100,71,34,1,15,241.12,1,1
161,5,0,50,77,24,1,30,183.68,1,1
1705,10,0,50,70,36,1,25,201.06,1,1
957,12,0,100,48,22,1,45,811.825,1,1
3060,4,0,400,164,45,1,30,560.88,1,1
878,4,0,100,38,29,0,30,188.04,0,1
1920,8,0,400,133,45,1,30,1881.84,1,1
1885,11,0,50,122,35,1,30,1407.68,1,0
2201,13,0,20,81,23,1,30,268.44,1,1
99,10,0,50,46,22,1,30,283.52,1,1
2970,0,0,400,0,0,0,25,112.5,0,1
2558,0,0,100,35,20,1,30,1238.8,1,1
254,16,0,100,71,24,1,30,1597.36,1,1
104,8,0,100,59,21,1,30,1492.88,1,1
1446,17,0,200,137,29,1,25,600.075,1,0
1444,5,0,100,57,10,1,30,147.48,1,1
1649,5,0,100,45,9,1,30,1034.0,1,1
587,0,0,50,73,24,1,25,154.17,1,1
628,2,0,100,32,28,0,30,155.8,0,1
1697,15,0,50,171,41,1,45,415.2,1,1
2102,1,1,100,7,8,0,30,84.2,0,1
2200,2,0,400,17,3,1,30,57.0,0,1
404,10,0,100,60,24,1,30,1536.52,1,1
1155,13,0,50,74,41,1,25,244.44,1,1
2256,6,0,100,72,22,1,25,237.915,1,1
2864,24,0,100,229,45,1,30,898.56,1,0
1683,3,0,200,4,3,1,55,14.205,1,1
2057,1,0,50,36,16,1,30,1213.44,1,1
2987,0,0,50,82,30,1,30,252.4,1,1
453,0,0,200,0,0,0,25,0.0,1,1
2302,2,0,100,13,9,0,25,103.995,1,1
1328,12,0,100,42,28,0,45,135.875,0,1
2050,6,1,400,22,9,1,30,82.8,0,1
881,0,0,50,91,20,1,45,181.775,1,1
3063,6,1,200,49,18,0,30,126.88,1,1
624,14,0,100,81,39,1,45,255.275,1,1
2394,0,0,100,53,18,1,30,123.92,1,1
2914,16,0,100,209,15,1,30,681.76,1,1
1788,17,0,100,70,25,1,25,1028.925,1,1
263,15,0,200,65,17,0,30,184.52,1,1
1635,9,0,50,121,32,1,30,1364.04,1,0
1439,5,0,100,32,2,1,30,758.08,1,0
2199,1,0,100,38,6,1,30,993.92,1,1
1970,3,0,400,127,43,1,25,2071.575,1,1
2521,7,0,50,160,51,1,45,401.0,1,1
1803,9,0,200,55,26,1,30,1448.12,1,1
641,4,0,20,13,4,0,25,18.36,1,1
2386,0,0,200,74,23,1,25,162.54,1,1
2599,4,0,100,41,21,1,30,242.76,1,1
2973,3,0,200,75,39,1,25,895.635,1,1
1960,7,0,400,83,25,1,30,191.92,1,1
489,1,0,100,47,21,1,25,869.49,1,1
1844,1,0,100,56,25,1,30,115.04,1,1
1735,13,0,50,128,36,1,30,1439.92,1,0
147,14,0,50,140,39,1,25,627.39,1,0
1535,11,0,50,116,31,1,25,1434.195,1,0
1987,3,0,50,44,20,0,30,220.36,1,1
1370,12,0,400,143,60,1,30,1990.24,1,1
2451,4,0,20,61,2,1,25,172.395,1,1
3082,0,0,50,92,23,1,45,209.05,1,1
2812,0,0,100,81,5,1,25,248.13,1,1
660,4,0,400,83,24,1,30,183.72,1,1
1795,13,0,20,43,16,1,30,282.12,1,1
2512,9,1,100,60,21,0,30,256.52,1,1
187,0,0,100,76,27,1,25,170.73,1,1
1148,12,0,100,49,17,1,30,237.08,1,1
609,0,0,100,157,41,1,30,545.0,1,1
2192,0,0,50,0,0,0,45,27.5,1,1
2800,0,0,400,42,13,1,30,1048.28,1,1
1931,8,0,50,103,24,1,55,139.395,1,1
198,10,0,100,165,39,1,45,389.925,1,1
2328,11,1,100,52,36,0,30,280.0,0,1
294,16,0,100,43,13,1,25,210.51,1,1
767,0,0,100,0,0,0,25,0.0,1,1
401,3,0,20,19,7,1,30,60.24,0,1
123,6,0,200,74,34,1,25,742.59,1,1
203,2,0,200,11,5,0,30,73.16,1,1
836,0,0,200,76,26,1,25,157.005,1,1
2295,0,0,50,16,8,1,25,123.795,1,1
1440,5,0,400,35,55,1,45,72.7,1,1
1734,32,0,100,250,83,1,25,815.85,1,0
1696,19,0,100,141,43,1,15,838.09,1,0
3073,5,0,200,70,38,1,25,795.285,1,1
1708,20,0,100,133,46,1,30,1018.12,1,1
3058,1,0,100,34,19,1,30,1239.16,1,1
1154,20,0,100,82,43,1,15,392.975,1,1
1662,12,0,100,54,18,0,30,131.88,1,1
2433,4,0,200,14,17,1,55,51.78,1,1
1760,18,0,400,100,27,1,45,183.25,1,1
855,0,0,50,52,31,1,15,117.7,1,1
1590,11,0,400,46,73,1,55,100.635,1,1
2268,0,0,100,4,2,0,25,20.43,1,1
642,0,0,100,4,2,0,45,28.1,1,1
2,8,0,100,65,13,1,25,194.4,1,1
2161,5,0,50,93,8,1,25,266.895,1,1
699,0,0,100,40,9,1,30,1029.0,1,1
1637,6,0,50,49,19,0,30,217.16,1,1
1292,7,0,100,24,10,0,45,130.85,1,1
2999,3,0,100,45,21,1,30,332.32,1,1
2490,0,0,400,29,53,1,45,47.425,1,1
1521,12,0,100,154,45,1,30,500.36,1,1
1854,15,0,100,72,37,1,15,295.625,1,1
1137,7,0,100,48,18,0,30,217.52,1,1
3043,0,0,200,0,0,0,45,0.0,1,1
1632,3,0,50,12,3,0,45,36.375,0,1
1999,2,0,100,40,10,1,30,1037.2,1,1
664,1,0,100,27,7,1,30,2048.68,1,1
684,22,0,100,238,79,1,25,724.86,1,1
1258,20,0,100,135,50,1,30,1037.4,1,1
318,0,0,100,3,11,0,25,7.56,1,1
649,0,0,100,28,7,1,25,1085.085,1,1
1435,7,0,100,112,20,1,30,1299.28,1,0
1480,6,0,400,37,12,1,45,150.625,1,1
710,8,0,400,88,23,1,30,212.32,1,1
1283,7,0,200,18,9,1,55,45.615,1,1
1769,11,0,50,17,2,0,30,101.28,0,1
973,31,1,200,56,21,1,30,167.04,0,1
2676,13,0,200,102,28,1,25,417.375,1,1
2681,1,0,100,29,10,1,30,98.08,1,1
1307,7,0,100,37,15,1,30,1224.88,1,1
1401,9,0,100,67,4,1,30,193.68,1,1
1409,8,0,100,165,31,1,30,573.72,1,1
2238,11,0,100,63,29,1,25,994.635,1,1
1497,17,0,50,183,46,1,55,311.04,1,1
2039,7,0,50,39,13,1,30,848.56,1,0
1530,6,0,400,25,4,1,30,103.32,1,1
1664,7,0,100,27,9,1,30,2065.08,1,1
1355,12,0,50,74,50,1,25,286.74,1,1
3069,0,0,50,9,9,0,25,94.68,1,1
3091,1,0,50,34,69,1,45,117.175,1,1
1644,5,0,100,66,22,1,30,160.24,1,1
1052,6,0,100,13,10,0,30,124.64,1,1
796,5,0,100,124,40,1,15,594.055,1,0
2694,10,0,100,36,17,1,25,176.22,1,1
1598,15,0,100,52,24,1,30,323.96,1,1
2605,4,0,50,58,29,1,15,212.905,1,1
2730,0,0,400,0,0,0,25,0.0,0,1
2626,7,0,100,90,18,1,25,289.035,0,1
1820,2,0,400,122,45,1,30,1753.0,1,1
1723,30,1,200,59,20,0,30,176.76,0,1
1184,35,0,100,254,88,1,25,859.23,1,0
2573,4,0,200,71,39,1,25,794.88,1,1
1060,13,0,400,91,31,1,30,275.64,1,1
541,2,0,50,36,68,1,45,103.975,1,1
1679,3,0,100,2,3,0,30,17.6,0,1
2797,13,0,50,143,45,1,15,842.105,1,0
3033,0,0,200,0,0,0,30,0.0,0,1
2533,0,0,200,10,6,1,55,60.945,1,1
1758,24,0,100,138,45,1,30,1046.72,1,1
1924,26,0,100,99,44,1,55,174.585,1,0
96,4,0,100,27,17,1,25,252.54,1,1
1021,9,0,20,157,47,1,45,329.175,1,1
564,17,0,100,216,28,1,25,863.595,1,1
2791,1,0,50,41,71,1,45,122.1,1,1
864,0,0,100,21,6,1,30,2016.44,1,1
1485,11,0,100,128,39,1,30,1540.52,1,0
2940,0,0,400,20,8,1,25,829.035,1,0
1882,5,0,50,13,6,0,45,63.65,0,1
1039,6,0,100,39,11,1,25,949.455,1,0
207,13,0,50,88,29,1,30,314.52,1,1
393,0,0,200,10,3,0,45,73.375,1,1
2843,0,0,200,0,0,0,45,7.5,1,1
871,2,0,50,148,45,1,30,468.32,1,1
398,12,0,100,171,40,1,45,410.075,1,1
2815,0,0,50,13,1,1,30,1964.92,1,1
3026,8,0,100,86,18,1,25,246.78,0,1
1029,5,0,100,6,2,0,30,40.44,0,1
2691,4,0,50,43,72,1,45,134.15,1,1
1486,7,0,100,94,34,1,30,333.28,1,1
2661,7,0,50,87,29,1,30,222.28,1,1
961,14,0,50,104,16,1,30,331.48,1,1
1571,14,0,20,161,52,1,45,370.525,1,1
2774,20,1,100,49,20,0,25,129.555,0,1
1896,21,0,100,147,44,1,25,721.98,1,0
2732,0,0,50,81,14,1,45,157.525,1,1
2147,13,0,50,173,44,1,55,262.29,1,1
805,0,0,50,52,31,1,15,117.7,1,1
1752,11,0,100,22,6,0,30,142.2,1,1
2455,0,0,100,48,18,1,15,101.255,1,1
503,0,0,200,2,4,1,25,25.875,1,1
2978,4,1,100,41,18,0,30,249.64,0,1
780,0,0,400,8,4,1,30,26.44,1,1
1864,9,0,100,33,10,1,30,2097.32,1,1
201,1,0,20,13,6,1,25,67.5,0,1
2183,0,0,200,0,0,1,55,0.0,1,1
2089,1,0,100,33,9,1,25,903.96,1,0
2279,0,0,100,0,0,0,30,0.0,0,1
1797,23,0,100,188,42,1,55,284.025,1,1
379,9,0,100,44,31,0,30,228.48,0,1
2337,5,0,100,52,25,0,30,271.88,1,1
419,2,0,100,14,8,0,30,80.96,1,1
1699,5,0,100,40,11,1,30,1045.4,1,1
392,11,0,50,25,7,0,25,77.625,1,1
2641,0,0,50,31,62,1,45,62.85,1,1
1523,28,1,200,47,15,0,25,85.14,0,1
1163,35,0,200,241,40,1,30,941.84,1,1
1496,21,0,100,153,48,1,25,871.47,1,0
2696,2,0,100,30,18,1,25,237.6,1,1
2028,12,1,100,47,33,1,30,251.0,0,1
1153,20,0,200,76,32,1,30,1647.76,1,1
1368,11,0,100,30,25,0,30,229.8,1,1
2569,0,0,100,10,10,0,25,94.275,1,1
65,6,0,50,28,11,1,30,2100.52,1,1
2063,22,0,200,222,30,1,30,808.08,1,1
1181,13,0,100,113,30,1,55,165.945,1,1
493,0,0,200,4,1,0,45,48.1,1,1
380,0,0,400,2,2,0,30,5.4,0,1
2236,7,0,100,92,34,1,30,230.8,1,1
764,0,0,100,10,6,1,30,1887.6,1,1
2265,4,0,50,172,24,1,25,1300.365,1,1
792,0,0,50,0,0,0,45,0.0,1,1
1077,15,1,100,49,22,0,30,240.96,0,1
879,0,1,100,0,0,0,30,0.0,0,1
338,0,0,100,33,20,0,30,91.52,1,1
2768,0,0,100,16,14,0,25,52.47,1,1
2344,4,0,100,69,28,1,30,214.96,1,1
1017,5,0,50,17,11,0,25,82.665,1,1
1276,8,0,100,36,21,1,30,206.44,1,1
456,0,0,100,52,31,1,15,117.7,1,1
816,0,0,100,80,24,1,30,967.0,1,1
2318,4,0,100,22,13,0,30,132.48,1,1
996,24,0,100,150,46,1,25,747.36,1,0
1982,0,1,50,7,4,0,45,38.375,0,1
202,10,0,100,77,18,1,30,229.88,1,1
162,4,0,50,89,11,1,25,270.315,1,1
1580,8,0,400,32,11,1,45,94.875,1,1
2778,6,1,100,43,19,0,25,189.36,0,1
2450,7,1,400,29,22,1,30,168.68,0,1
703,11,0,200,65,22,1,25,1751.535,1,1
1501,13,0,50,71,15,1,25,239.895,1,1
1130,5,0,400,29,4,1,45,65.55,1,1
2614,19,0,100,217,26,1,30,746.88,1,1
1022,10,0,50,78,37,1,25,811.845,1,1
3074,20,0,100,42,18,0,25,120.69,0,1
1586,9,0,200,89,33,1,30,244.08,1,1
1956,11,0,100,82,28,1,30,282.28,1,1
2254,5,0,100,56,29,1,15,219.67,1,1
35,25,0,100,232,76,1,25,728.64,1,1
776,0,0,200,5,12,1,30,73.2,1,1
2557,7,0,100,78,30,1,30,285.12,1,1
1479,5,0,50,14,8,0,30,178.68,0,1
3004,5,0,100,48,18,1,25,1533.645,1,1
1391,20,0,100,41,24,0,30,217.84,1,1
2140,5,0,400,41,72,1,45,142.225,1,1
1364,13,0,100,43,25,1,45,1378.575,1,1
2946,0,0,200,0,0,1,25,0.0,1,1
2613,3,0,200,46,11,0,30,75.96,1,1
2825,14,0,100,79,35,1,45,250.725,1,1
2042,3,0,50,13,5,1,45,87.45,1,1
242,13,0,50,31,8,0,30,101.24,1,1
2062,6,1,50,51,15,0,30,101.16,1,1
2364,2,0,100,19,3,1,30,2005.36,1,1
601,1,0,50,59,14,1,25,185.58,1,1
2436,6,0,200,92,43,1,30,268.4,1,1
1298,15,0,100,59,26,1,30,331.88,1,1
2215,14,0,20,192,36,1,25,1459.665,1,1
2889,5,0,100,57,36,1,25,991.44,1,1
2069,0,0,100,0,0,0,25,0.0,0,1
647,5,0,100,159,37,1,45,364.65,1,1
1529,5,1,100,6,2,0,30,40.44,0,1
2880,0,0,400,6,15,0,30,73.36,0,1
1268,9,0,100,28,15,0,30,172.92,1,1
1900,8,1,400,25,9,1,30,100.68,0,1
563,1,0,200,45,13,0,30,76.72,1,1
3113,2,0,200,47,12,0,30,71.6,1,1
2735,15,0,50,222,72,1,25,707.94,1,1
3006,0,0,100,46,27,1,15,111.045,1,1
190,2,0,400,30,10,1,25,893.025,1,0
1807,3,0,100,34,20,1,30,1147.56,1,1
976,9,0,200,31,18,1,30,177.44,1,1
2748,2,0,100,155,32,1,45,340.575,1,1
2048,11,0,100,48,21,1,30,262.44,1,1
2559,9,0,100,117,45,1,30,948.28,1,1
1083,6,0,200,12,8,1,55,42.525,1,1
475,16,0,50,87,40,1,45,255.425,1,1
2905,1,0,20,50,18,1,15,183.865,1,1
748,9,0,100,50,17,1,30,260.28,1,1
2301,10,0,50,79,22,1,30,249.16,1,1
22,7,0,50,148,43,1,30,459.92,1,1
460,2,0,400,163,42,1,30,545.24,1,1
1185,16,1,50,132,41,1,30,1478.48,1,0
2325,15,0,50,106,29,1,25,441.18,1,1
956,19,0,100,91,32,1,30,345.24,1,1
1216,5,0,200,82,22,1,30,977.08,1,1
2434,29,0,100,248,95,1,25,856.035,1,1
2854,9,0,100,64,37,1,25,1805.04,1,1
1516,8,0,100,86,24,1,30,915.04,1,1
2392,0,0,50,0,0,0,45,25.0,1,1
770,0,0,400,110,41,1,25,1881.135,1,1
1686,5,0,200,82,29,1,25,189.225,1,1
131,0,0,50,24,3,1,30,60.08,1,1
2920,0,0,400,0,0,0,25,0.0,0,1
2136,3,0,200,84,32,1,30,203.28,1,1
1483,5,0,200,16,8,1,55,76.11,1,1
331,0,0,50,14,6,1,30,38.88,1,1
1239,5,0,100,32,7,1,25,895.14,1,0
467,0,0,50,80,24,1,30,967.0,1,1
2170,2,0,400,125,39,1,25,2022.885,1,1
1639,7,0,50,41,10,1,30,822.84,1,0
3093,0,0,200,5,4,0,45,75.375,1,1
1096,22,0,100,149,48,1,25,770.715,1,0
1131,7,0,100,101,20,1,55,123.165,1,1
1295,9,0,50,40,21,1,30,272.8,1,1
861,1,0,50,89,10,1,25,256.59,1,1
